IATA,ICAO,Airline,Call sign,Country/Region,Comments
0A,GNT,Amber Air,GINTA,Lithuania,
0B,BLA,Blue Air,BLUE AIR,Romania,
0C,IBL,IBL Aviation,CATOVAIR,Mauritius,
0D,DWT,Darwin Airline,DARWIN,Switzerland,
0V,VFC,Vietnam Air Services Company (VASCO),VASCO AIR,Vietnam,
1A,n/a,Amadeus IT Group S.A.,n/a,Global,GDS and airline hosting system (CRS/PSS)
1A,AGT,Amadeus IT Group,AMADEUS,Spain,
1B,n/a,Sabre travel network Asia-Pacific (ex-Abacus),n/a,APAC,Regional distribution
1B,,Abacus International,,Singapore,Computer reservation system
1C,,Electronic Data Systems,,Switzerland,
1D,,Radixx,,United States,
1E,n/a,Travelsky,n/a,China,Local distribution system and hosting system (CRS/PSS)
1E,,Travelsky Technology,,China,
1F,n/a,"Infini travel information, Inc.",n/a,Japan,Local distribution system (CRS)
1F,,INFINI Travel Information,,Japan,Computer Reservation System
1G,n/a,Travelport (Galileo core),n/a,Global,GDS (CRS)
1G,,Galileo International,,United States,
1H,n/a,Sirena travel,n/a,Russia,Local distribution system (CRS) and PSS
1H,,Siren-Travel,,Russia,
1I,AMB,Deutsche Rettungsflugwacht,CIVIL AIR AMBULANCE,Germany,
1I,EJA,NetJets,EXECJET,United States,
1I,NVR,Novair,NAVIGATOR,Sweden,
1I,NJE,NetJets Europe,FRACTION,Portugal,
1I,,Pegasus Hava Tasimaciligi,Sunturk,Turkey,
1I,,Sierra Nevada Airlines,,United States,
1I,PZR,Sky Trek International Airlines,PHAZER,United States,
1J,n/a,"Axess international network, Inc.",n/a,Japan,Local distribution system (CRS)
1K,,Southern Cross Distribution,,Australia,
1K,,Sutra,,United States,
1L,OSY,Open Skies Consultative Commission,OPEN SKIES,United States,
1M,n/a,Sirin,n/a,Russia,Local distribution system (CRS) and PSS
1N,,Navitaire,,United States,
1P,n/a,Travelport (Worldspan core),n/a,Global,GDS (CRS)
1P,,Worldspan,,United States,
1Q,,Sirena,,Russia,
1R,,Hainan Phoenix Information Systems,,China,
1S,n/a,Sabre travel network,n/a,Global,GDS and airline hosting system (CRS/PSS)
1S,,Sabre,,United States,
1T,n/a,Hitit Computer Services,n/a,Turkey,Computer reservation system
1T,BUC,Bulgarian Air Charter,BULGARIAN CHARTER,Bulgaria,
1U,n/a,Google/ITA,n/a,United States,Airline IT provider
1U,,ITA Software,,United States,Computer reservation system
1U,,Polyot Sirena,,Russia,
1Y,,Electronic Data Systems,,United States,
1Z,APD,Sabre Pacific,,Australia,
2A,,Deutsche Bahn,,Germany,
2B,AWT,Albawings,ALBAWINGS,Albania,
2C,,SNCF,,France,
2D,AOG,Aero VIP,AVIP,Argentina,defunct
2F,FTA,Frontier Flying Service,FRONTIER-AIR,United States,
2G,CRG,Cargoitalia,WHITE PELICAN,Italy,
2G*,MRR,San Juan Airlines,MARINER,United States,
2H,,Thalys,,Belgium,"Not an airline (train).
Used for codesharing"
2J,VBW,Air Burkina,BURKINA,Burkina Faso,
2K,GLG,Aerogal,AEROGAL,Ecuador,Aerolíneas Galápagos SA
2L,OAW,Helvetic Airways,HELVETIC,Switzerland,
2M,MDV,Moldavian Airlines,MOLDAVIAN,Moldova,
2N,NTJ,NextJet,NEXTJET,Sweden,
2N,UMK,Yuzhmashavia,YUZMASH,Ukraine,
2O,RNE,Air Salone,AIR SALONE,Sierra Leone,
2P,GAP,Air Philippines,ORIENT PACIFIC,Philippines,
2Q,SNC,Air Cargo Carriers,NIGHT CARGO,United States,
2R,,Via Rail Canada,,Canada,
2S,SDY,Island Express,SANDY ISLE,United States,
2S,,Star Equatorial Airlines,,Guinea,
2S,TGR,Satgur Air Transport,SATGURAIR,Liberia,defunct
2T,TBS,Timbis Air,,Kenya,
2T,HAM,Haiti Ambassador Airlines,,Haiti,
2U,GIP,Air Guinee Express,FUTURE EXPRESS,Guinea,
2V*,,Amtrak,,United States,Train services only
2W,WLC,Welcome Air,WELCOMEAIR,Austria,
2Z,CGN,Chang An Airlines,CHANGAN,China,
3C,CMV,Calima Aviación,CALIMA,Spain,
3C,CEA,RegionsAir,CORP-X,United States,formerly Corporate Airlines
3G,AYZ,Atlant-Soyuz Airlines,ATLANT-SOYUZ,Russia,defunct
3J,JUB,Jubba Airways,,Kenya,Registered in Kenya but operates in Somalia
3J,AAQ,Air Alliance,LIAISON,Canada,defunct
3J,WZP,Zip,ZIPPER,Canada,ICAO Code and callsign no longer allocated
3L,ISK,Intersky,INTERSKY,Austria,
3N,URG,Air Urga,URGA,Ukraine,
3O,MAC,Air Arabia Maroc,ARABIA MAROC,Morocco,This ICAO designator was previously used by Malta Air Charter
3P,TNM,Tiara Air,TIARA,Aruba,
3Q,CYH,China Yunnan Airlines,YUNNAN,China,defunct
3Q,KCH,KC International Airlines,CAM AIR,Cambodia,
3R,GAI,Moskovia Airlines,GROMOV AIRLINE,Russia,JSC
3S,BOX,Aerologic,GERMAN CARGO,Germany,
3S,GUY,Air Guyane Express,GREEN BIRD,French Guyana,
3S*,AEN,Aeroland Airways,,Greece,"defunct, ICAO code no longer allocated"
3T,URN,Turan Air,TURAN,Azerbaijan,
3U,CSC,Sichuan Airlines,SI CHUAN,China,
3V,TAY,TNT Airways,QUALITY,Belgium,
3W,EMX,Euromanx Airways,EUROMANX,Austria,
3W*,VNR,Wan Air,WANAIR,French Polynesia,defunct
4A,AKL,Air Kiribati,,Kiribati,
4C,ARE,"Aires, Aerovías de Integración Regional, S.A.",AIRES,Colombia,renamed to LAN Colombia
4D,ASD,Air Sinai,,Egypt,
4D,ASD,Air Sinai,AIR SINAI,Egypt,
4F,ECE,Air City,AIRCITY,Germany,
4G,GZP,Gazpromavia,GAZPROMAVIA,Russia,
4G*,,Advance Leasing Company,,United States,
4H,UBD,United Airways,UNITED BANGLADESH,Bangladesh,
4K*,AAS,Askari Aviation,AL-ASS,Pakistan,
4M,DSM,LATAM Argentina,LAN AR,Argentina,
4N,ANT,Air North Charter - Canada,AIR NORTH,Canada,
4O,AIJ,Interjet,ABC Aerolineas,Mexico,
4O,AIJ,Interjet,ABC AEROLINEAS,Mexico,
4R,SEK,Star East Airline,,Romania,
4R,HHI,Hamburg International,HAMBURG JET,Germany,
4S,FNC,Finalair Congo,FINALAIR CONGO,Republic of the Congo,
4T,BHP,Belair Airlines,BELAIR,Switzerland,
4U,GWI,Germanwings,GERMAN WINGS,Germany,
4Y,AIB,Airbus Industrie,AIRBUS INDUSTRIE,France,
4Y,BGA,Airbus Transport International,BELUGA,France,
4Y,RBU,Airbus France,AIRBUS FRANCE,France,
4Y,UYA,Yute Air Alaska,,United States,
5A,AIP,Alpine Air Express,ALPINE AIR,United States,
5C,ICL,CAL Cargo Air Lines,CAL,Israel,
5D,SLI,Aeroméxico Connect,COSTERA,Mexico,
5D,UDC,DonbassAero,DONBASS AERO,Ukraine,
5F,CIR,Arctic Circle Air Service,AIR ARCTIC,United States,
5F,FIA,Fly One,Fly One,Moldova,Allocated in 2016
5G,SSV,Skyservice Airlines,SKYTOUR,Canada,defunct
5J,CEB,Cebu Pacific,CEBU,Philippines,
5K,HFY,Hi Fly,SKY FLYER,Portugal,
5L,RSU,AeroSur,AEROSUR,Bolivia,
5M,MNT,Montserrat Airways,MONTSERRAT,Montserrat,
5M,SIB,Sibaviatrans,SIBAVIA,Russia,
5N,AUL,Nordavia,ARCHANGELSK AIR,Russia,
5O,FPO,Europe Airpost,FRENCH POST,France,
5P,LLX,Small Planet Airlines,GERMANJET,Germany,defunct
5T,MPE,Canadian North,EMPRESS,Canada,Air Norterra
5V,UKW,Lviv Airlines,UKRAINE WEST,Ukraine,
5W,AEU,Astraeus,FLYSTAR,United Kingdom,"defunct, ICAO code no longer allocated"
5X,UPS,United Parcel Service,UPS,United States,
5Y,GTI,Atlas Air,GIANT,United States,
5Z,AFX,Airfreight Express,,United Kingdom,Ceased operations 08/03/2002
5Z,BML,Bismillah Airlines,BISMILLAH,Bangladesh,IATA code in use by another company
5Z,KEM,CemAir,CEMAIR,South Africa,
5Z,GON,Gonini Air Services,GONINI,Suriname,defunct
6A,CHP,Aviacsa,AVIACSA,Mexico,
6B,BLX,TUIfly Nordic,BLUESCAN,Sweden,
6E,IGO,IndiGo Airlines,IFLY,India,Interglobe Aviation
6G,AWW,Air Wales,RED DRAGON,United Kingdom,"defunct, ICAO code no longer allocated"
6H,ISR,Israir,ISRAIR,Israel,
6I,IBZ,International Business Air,INTERBIZ,Sweden,was U5
6J,SNJ,Skynet Asia Airways,NEWSKY,Japan,
6K,RIT,Asian Spirit,ASIAN SPIRIT,Philippines,
6N,NIN,Niger Airlines,NIGER AIRLINES,Niger,
6N,NRD,Nordic Regional,NORTH RIDER,Sweden,
6P,ISG,Club Air,CLUBAIR,Italy,
6Q,SLL,Slovak Airlines,SLOV LINE,Slovakia,
6R,DRU,Alrosa Air Company,MIRNY,Russia,
6U,ACX,Air Cargo Germany,LOADMASTER,Germany,defunct
6U,UKR,Air Ukraine,AIR UKRAINE,Ukraine,
6V,VGA,Air Vegas,AIR VEGAS,United States,defunct
6V,AXY,Axis Airways,AXIS,France,defunct
6V,MRW,Mars RK,AVIAMARS,Ukraine,
6W,SOV,Saratov Airlines Joint Stock Company,SARATOV AIR,Russia,
6Y,ART,Smartlynx Airlines,SMART LYNX,Latvia,
6Z,UKS,Ukrainian Cargo Airways,CARGOTRANS,Ukraine,
7A,XRC,Express Air Cargo,,Tunisia,
7A,AZY,Aztec Worldwide Airlines,AZTEC WORLD,United States,
7A,XRC,Express Air Cargo,TUNISIA CARGO,Tunisia,
7B,KJC,Krasnojarsky Airlines,KRASNOJARSKY AIR,Russia,defunct
7C,COY,Coyne Aviation,COYNE AIR,United Kingdom,
7E,AWU,Sylt Air GmbH,SYLT-AIR,Germany,
7F,FAB,First Air,FIRST AIR,Canada,
7G,SFJ,Star Flyer,STARFLYER,Japan,
7K,KGL,Kogalymavia Air Company,KOGALYM,Russia,
7L,AZG,Silk Way West Airlines,SILK WEST,Azerbaijan,
7L,ERO,Sun D'Or,ECHO ROMEO,Israel,
7M,MYI,Mayair,MAYAIR,Mexico,
7N,PWD,Pawa Dominicana,Pawa Dominicana,Dominican Republic,
7N,PWD,PAWA Dominicana,,Dominican Republic,
7O,GAL,Galaxy Air,GALAXY,Kyrgyzstan,
7O[51],TVL,Travel Service,TRAVEL SERVICE,Hungary,
7R,BRB,BRA-Transportes Aéreos,BRA-TRANSPAEREOS,Brazil,
7S,RYA,Ryan Air Services,RYAN AIR,United States,
7S,RCT,Ryan Air Services,ARCTIC TRANSPORT,United States,
7T,AGV,Air Glaciers,AIR GLACIERS,Switzerland,
7T,TOB,Tobruk Air,TOBRUK AIR,Libya,
7W,QGA,Windrose Air,QUADRIGA,Germany,
8A,BMM,Atlas Blue,ATLAS BLUE,Morocco,defunct
8B,GFI,Caribbean Star Airlines,CARIB STAR,Antigua and Barbuda,
8C,ATN,Air Transport International,AIR TRANSPORT,United States,
8C,HZT,Air Horizon,HORIZON TOGO,Togo,
8C,CXI,Shanxi Airlines,SHANXI,China,
8D,EXV,FitsAir,EXPOAVIA,Sri Lanka,
8D,,Servant Air,,United States,
8D*,SUW,Astair,,Russian Federation,Name changed to Interavia Airlines
8E,BRG,Bering Air,BERING AIR,United States,
8F,FFR,Fischer Air,FISCHER,Czech Republic,
8H,BGH,BH Air,BALKAN HOLIDAYS,Bulgaria,
8I,,Myway Airlines,,Italy,
8J,KMV,Komiinteravia,KOMIINTER,Russia,
8L,CGP,Cargo Plus Aviation,,United Arab Emirates,
8L,RHC,Redhill Aviation,REDAIR,United Kingdom,
8M,MXL,Maxair,MAXAIR,Sweden,
8M,MMA,Myanmar Airways International,MYANMAR,Myanmar,
8N,NKF,Barents AirLink,NORDFLIGHT,Sweden,previously Nordkalottflyg
8O,YWZ,West Coast Air,COAST AIR,Canada,
8P,PCO,Pacific Coastal Airlines,PASCO,Canada,
8Q,OHY,Onur Air,ONUR AIR,Turkey,
8Q,,Princess Air,,,no longer assigned
8Q*,BAJ,Baker Aviation,RODEO,United States,
8S,,Scorpio Aviation,,,
8T,TID,Air Tindi,,Canada,
8U,AAW,Afriqiyah Airways,AFRIQIYAH,Libya,
8V,ACP,Astral Aviation,ASTRAL CARGO,Kenya,
8V,WRF,Wright Air Service,WRIGHT FLYER,United States,
8W,EDR,Fly All Ways,BIRDVIEW,Suriname,
8W,PWF,Private Wings Flugcharter,PRIVATE WINGS,Germany,
8W?,,BAX Global,,,
8Y,PBU,Air Burundi,AIR-BURUNDI,Burundi,
8Y,CYZ,China Postal Airlines,CHINA POST,China,
8Z,WVL,Wizz Air Bulgaria,WIZZBUL,Bulgaria,
9A,EZX,Eagle Express Air Charter,EAGLEXPRESS,Malaysia,
9C,CQH,Spring Airlines,AIR SPRING,China,
9E,EDV,Endeavor Air,ENDEAVOR,United States,
9E,FLG,Pinnacle Airlines,FLAGSHIP,United States,
9I,LLR,Air India Regional,ALLIED,India,
9I,HTA,Helitrans,SCANBIRD,Norway,
9I,LLR,Thai Sky Airlines,THAI SKY AIR,Thailand,
9K,KAP,Cape Air,CAIR,United States,
9L,CJC,Colgan Air,COLGAN,United States,
9L,TOW,AirTanker Services,TOWLINE,United Kingdom,
9M,GLR,Central Mountain Air,GLACIER,Canada,
9O,,National Airways Cameroon,,Cameroon,
9Q,PBA,PB Air,PEEBEE AIR,Thailand,
9R,VAP,Phuket Air,PHUKET AIR,Thailand,
9T,ABS,Transwest Air,ATHABASKA,Canada,
9U,MLD,Air Moldova,AIR MOLDOVA,Moldova,
9V,VPA,Vipair Airlines,VIAIR,Kazakhstan,defunct
9Y,FGE,Fly Georgia,GEORGIA WING,Georgia,
A0,MCJ,Avianca Argentina,JETMAC,Argentina,Owned by Synergy Group
A2,AZI,Astra Airlines,ASTRA,Greece,
A2,CIU,Cielos Airlines,CIELOS,Peru,
A3,AEE,Aegean Airlines,AEGEAN,Greece,
A4,SWD,Southern Winds Airlines,SOUTHERN WINDS,Argentina,
A5,RLA,Airlinair,AIRLINAIR,France,
A5,HOP,Hop!,AIR HOP,France,
A6,LPV,Air Alps Aviation,ALPAV,Austria,
A6,HTU,Hongtu Airlines,HONGLAND,China,
A7,MPD,Air Plus Comet,RED COMET,Spain,
A8,XAU,Aerolink Uganda,PEARL,Uganda,
A8,BGL,Benin Golf Air,BENIN GOLF,Benin,
A9,TGZ,Georgian Airways,TAMAZI,Georgia,
AA,AAL,American Airlines,AMERICAN,United States,
AB,BER,Air Berlin,AIR BERLIN,Germany,defunct
AC,ACA,Air Canada,AIR CANADA,Canada,
AD,PRZ,Air Paradise International,RADISAIR,Indonesia,Defunct 2005
AD,AZU,Azul Linhas Aéreas Brasileiras,Azul,Brazil,
AE,AE,Air Ceylon,,Sri Lanka,defunct
AE,MDA,Mandarin Airlines,MANDARIN,Taiwan,
AF,AFR,Air France,AIRFRANS,France,
AG,ARU,Aruba Airlines,ARUBA,Aruba,
AH,DAH,Air Algérie,AIR ALGERIE,Algeria,
AI,AIC,Air India Limited,AIRINDIA,India,
AJ,NIG,Aero Contractors,AEROLINE,Nigeria,
AK,AXM,AirAsia,RED CAP,Malaysia,ICAO code no longer allocated
AK,ABR,Air Bridge Carriers,AIRBRIDGE,United Kingdom,defunct
AL,SYX,Skywalk Airlines,SKYWAY-EX,United States,(Astral Aviation)
AL,TXC,TransAVIAexport Airlines,TRANSEXPORT,Belarus,
AM,AMX,Aeroméxico,AEROMEXICO,Mexico,
AN,AAA,Ansett Australia,ANSETT,Australia,defunct
AO,AUZ,Australian Airlines,AUSTRALIAN,Australia,Subsidiary merged with Qantas
AP,LAV,AlbaStar,ALBASTAR,Spain,
AQ,AAH,Aloha Airlines,ALOHA,United States,Ceased operations; former IATA code: TS
AQ,MPJ,MAP-Management and Planung,MAPJET,Austria,
AR,ARG,Aerolíneas Argentinas,ARGENTINA,Argentina,
AS,ASA,"Alaska Airlines, Inc.",ALASKA,United States,
AT,RAM,Royal Air Maroc,ROYALAIR MAROC,Morocco,
AU,AUT,Austral Líneas Aéreas,AUSTRAL,Argentina,
AV,AVA,Avianca,AVIANCA,Colombia,
AW,AFW,Africa World Airlines,BLACKSTAR,Ghana,
AW,SCH,CHC Airways,SCHREINER,Netherlands,"formerly Schreiner Airways. ICAO code in use by another company, call sign no longer allocated"
AW,DIR,Dirgantara Air Service,DIRGANTARA,Indonesia,
AX,—,AmericanConnection[5],—,United States,
AX,LOF,Trans States Airlines,WATERSKI,United States,
AY,FIN,Finnair,FINNAIR,Finland,
AZ,AZA,Alitalia,ALITALIA,Italy,
B2,BRU,Belavia Belarusian Airlines,BELARUS AVIA,Belarus,
B3,BLV,Bellview Airlines,BELLVIEW AIRLINES,Nigeria,
B4,BCF,BACH Flugbetriebsges,BACH,Austria,
B4,BKA,Bankair,BANKAIR,United States,
B5,FLT,Flightline,FLIGHTLINE,United Kingdom,defunct
B7,UIA,UNI Air,GLORY,Taiwan,
B8,ERT,Eritrean Airlines,ERITREAN,Eritrea,
B9,BGD,Air Bangladesh,AIR BANGLA,Bangladesh,defunct
BA,BAW,British Airways,SPEEDBIRD,United Kingdom,
BB,SBS,Seaborne Airlines,SEABORNE,United States,
BC,SKY,Skymark Airlines,SKYMARK,Japan,
BD,BMA,BMI,MIDLAND,United Kingdom,Ceased operations
BE,BEE,Flybe,JERSEY,United Kingdom,
BF,RSR,Aero-Service,CONGOSERV,Republic of the Congo,
BG,BBC,Biman Bangladesh Airlines,BANGLADESH,Bangladesh,
BH,,Hawkair,,Canada,defunct since 2016
BI,RBA,Royal Brunei Airlines,BRUNEI,Brunei,
BJ,LBT,Nouvel Air Tunisie,NOUVELAIR,Tunisia,
BK,PDC,Potomac Air,DISTRICT,United States,
BL,PIC,Pacific Airlines,PACIFIC AIRLINES,Vietnam,
BM,,Air Sicilia,,Italy,defunct
BM,BMR,BMI Regional,MIDLAND,United Kingdom,
BN,BNF,Braniff International Airways,Braniff,United States,defunct
BN,,Forward Air International Airlines,,United States,
BN,HZA,Horizon Airlines,HORIZON,Australia,defunct
BO,BBW,BB Airways,BEEBEE AIRWAYS,Nepal,
BO,BBD,Bluebird Nordic,BLUE CARGO,Iceland,
BO,BOU,Bouraq Indonesia Airlines,BOURAQ,Indonesia,
BP,BOT,Air Botswana,BOTSWANA,Botswana,
BQ,ROM,Aeromar Lineas Aereas Dominicanas,BRAVO QUEBEC,Dominican Republic,defunct
BQ,BTL,Baltia Air Lines,BALTIA,United States,"Callsign changed from ""BALTIA FLIGHT"" in 2015[10]"
BR,EVA,EVA Air,EVA,Taiwan,
BS,BIH,British International Helicopters,BRINTEL,United Kingdom,
BS,UBG,US-Bangla Airlines,BANGLA STAR,Bangladesh,
BT,BTI,Air Baltic,AIRBALTIC,Latvia,
BU,BUN,Buryat Airlines Aircompany,BURAL,Russia,
BV,BPA,Blue Panorama Airlines,BLUE PANOROMA,Italy,
BW,BWA,Caribbean Airlines,CARIBBEAN AIRLINES,Trinidad and Tobago,
BW,BWA,Caribbean Airlines,CARIBBEAN,Trinidad and Tobago,
BX,ABL,Air Busan,AIR BUSAN,Republic of Korea,
BX,CST,Coast Air,COAST CENTER,Norway,
BY,TOM,Thomson Airways,TUI AIR[50],United Kingdom,"Formerly ""TOMSON"""
BZ,BDA,Blue Dart Aviation,BLUE DART,India,
BZ,KEE,Keystone Air Service,KEYSTONE,Canada,
C3,IPR,Independent Carrier (ICAR),ICAR,Ukraine,
C4,IMX,Zimex Aviation,ZIMEX,Switzerland,
C4,IMX,Zimex Aviation,ZIMEX,Switzerland,
C5,UCA,CommutAir,COMMUTAIR,United States,
C6,CJA,CanJet,CANJET,Canada,
C7,CIN,Cinnamon Air,CINNAMON,Sri Lanka,
C7,RLE,Rico Linhas Aéreas,RICO,Brazil,
C8,ICV,Cargolux Italia,CARGO MED,Italy,
C8,WDY,Chicago Jet Group,WINDY CITY,United States,
C9,RUS,Cirrus Airlines,CIRRUS AIR,Germany,defunct
CA,CCA,Air China,AIR CHINA,China,
CB*,KII,Kalitta Charters II,DRAGSTER,United States,Operates B727-200s & DC9s
CC,ABD,Air Atlanta Icelandic,ATLANTA,Iceland,
CC,MCK,Macair Airlines,,Australia,
CD,CND,Corendon Dutch Airlines,DUTCH CORENDON,Netherlands,
CE,NTW,Nationwide Airlines,NATIONWIDE,South Africa,
CG,TOK,Airlines PNG,BALUS,Papua New Guinea,
CH,BMJ,Bemidji Airlines,BEMIDJI,United States,
CI,CAL,China Airlines,DYNASTY,Taiwan,
CJ,CFE,BA CityFlyer,FLYER,United Kingdom,
CJ,CBF,China Northern Airlines,CHINA NORTHERN,China,defunct.
CJ,CFE,CityFlyer Express,FLYER,United Kingdom,"Defunct, ICAO code in use by BA CityFlyer"
CK,CKK,China Cargo Airlines,CARGO KING,China,
CL,CLH,Lufthansa CityLine,HANSALINE,Germany,
CM,CMP,Copa Airlines,COPA,Panama,
CN,,Islands Nationair,,Papua New Guinea,
CN,WWD,Westward Airways,WESTWARD,United States,
CO,COA,Continental Airlines,CONTINENTAL,United States,ICAO Code and callsign withdrawn
CO,,Continental Express,JETLINK,United States,
CP,CDN,Canadian Airlines,CANADIAN,Canada,defunct
CP,CPC,Canadian Pacific Airlines,EMPRESS,Canada,ICAO Code and callsign no longer allocated
CP,CPZ,Compass Airlines,COMPASS ROSE,United States,
CQ,CCW,Central Charter,CENTRAL CHARTER,Czech Republic,
CQ,EXL,Sunshine Express Airlines,,Australia,
CS,CMI,Continental Micronesia,AIR MIKE,United States,
CT,CAT,Civil Air Transport,Mandarin,Taiwan,defunct
CU,CUB,Cubana de Aviación,CUBANA,Cuba,
CV,CVA,Air Chathams,CHATHAM,New Zealand,
CV,CLX,Cargolux,CARGOLUX,Luxembourg,
CW,CWM,Air Marshall Islands,AIR MARSHALLS,Marshall Islands,
CX,CPA,Cathay Pacific,CATHAY,Hong Kong,
CY,CYP,Cyprus Airways,CYPRUS,Cyprus,
CZ,CSN,China Southern Airlines,CHINA SOUTHERN,China,
D0,DHK,DHL Air Limited,WORLD EXPRESS,United Kingdom,DHL Air UK
D2,SSF,Severstal Air Company,SEVERSTAL,Russia,
D3,DAO,Daallo Airlines,DALO AIRLINES,Djibouti,
D4,LID,Alidaunia,ALIDA,Italy,
D5,DAU,Dauair,DAUAIR,Germany,
D6,ILN,Interair South Africa,INLINE,South Africa,
D7,XAX,AirAsia X,XANADU,Malaysia,
D7,XFA,FlyAsianXpress,FAX AIR,Malaysia,
D8,IBK,Norwegian Air International (Norway),NORTRANS,Norway,
D8,IBK,Norwegian Air International,NORTRANS,Ireland,subsidiary of Norwegian Air Shuttle[35]
D9,DNV,Donavia,DONAVIA,Russia,formerly Aeroflot-Don
DA,GRG,Air Georgia,AIR GEORGIA,Georgia,
DB,BZH,Brit Air,BRITAIR,France,
DB,MLT,Maleth-Aero,,Malta,
DC,GAO,Golden Air,GOLDEN,Sweden,
DD,DDL,Danish Air Lines,,Denmark,defunct
DD,NOK,Nok Air,NOK AIR,Thailand,
DE,CFG,Condor Flugdienst,CONDOR,Germany,
DG,SRQ,Cebgo,BLUE JAY,Philippines,"Formerly SEAir, South East Asian Airlines and Tigerair Philippines"
DH,DVA,Discovery Airways,DISCOVERY AIRWAYS,United States,
DH,IDE,Independence Air,INDEPENDENCE AIR,United States,defunct
DH,NAN,Norwegian Air Norway,NORSHIP,Norway,subsidiary of Norwegian Air Shuttle
DI,BAG,Dba,SPEEDWAY,Germany,Merged into Air Berlin
DI,NRS,Norwegian Air UK,REDNOSE,United Kingdom,subsidiary of Norwegian Air Shuttle
DJ,WAJ,AirAsia Japan,WING ASIA,Japan,
DJ,PBN,Pacific Blue,BLUEBIRD,New Zealand,Controlled Dupe IATA with Virgin Australia
DJ,PLB,Polynesian Blue,POLYBLUE,New Zealand,"Controlled Dupe IATA, Code reserved but not in use, PBN (Bluebird) used."
DK,ELA,Eastland Air,,Australia,
DL,DAL,Delta Air Lines,DELTA,United States,
DM,,Maersk,,Denmark,Defunct
DN,NAA,Norwegian Air Argentina,NORUEGA,Argentina,subsidiary of Norwegian Air Shuttle
DO,DOA,Dominicana de Aviación,DOMINICANA,Dominican Republic,defunct
DP,FCA,First Choice Airways,JETSET,United Kingdom,
DQ,,Coastal Air,U.S. Virgin Islands,United States,
DS,EZS,easyJet Switzerland,TOPSWISS,Switzerland,
DT,DTA,TAAG Angola Airlines,DTA,Angola,
DU,NLH,Norwegian Long Haul,NORSTAR,Norway,subsidiary of Norwegian Air Shuttle
DV,ACK,Nantucket Airlines,ACK AIR,United States,WAS 9k
DV,VSV,Scat Air,VLASTA,Kazakhstan,
DW,UCR,Aero-Charter Ukraine,CHARTER UKRAINE,Ukraine,
DX,DTR,DAT Danish Air Transport,DANISH,Denmark,
DY,NAX,Norwegian Air Shuttle,NOR SHUTTLE,Norway,
E0,ESS,Eos Airlines,NEW DAWN,United States,
E1,,Everbread,,United Kingdom,
E2,EWE,Eurowings Europe,EUROWINGS,Austria,
E2,KMP,Kampuchea Airlines,KAMPUCHEA,Cambodia,IATA was KT
E2,GRN,Rio Grande Air,GRANDE,United States,defunct
E3,DMO,Domodedovo Airlines,DOMODEDOVO,Russia,defunct
E3,VGO,Sabaidee Airways,VIRGO,Thailand,
E4,RSO,Aero Asia International,AERO ASIA,Pakistan,defunct
E5,BRZ,Samara Airlines,BERYOZA,Russia,defunct
E5,RBG,Air Arabia Egypt,ARABIA EGYPT,Egypt,
E6,,Bringer Air Cargo Taxi Aéreo,,Brazil,
E7,ESF,Estafeta Carga Aérea,,Mexico,
E7,EAF,European Aviation Air Charter,EUROCHARTER,United Kingdom,
E8,ELG,Alpi Eagles,ALPI EAGLES,Italy,"defunct, ICAO code no longer allocated"
E9,CXS,Boston-Maine Airways,CLIPPER CONNECTION,United States,Pan Am Clipper Connection Pan Am III
EA,EAL,Eastern Air Lines,EASTERN,United States,defunct
EA,EAL,European Air Express,STAR WING,Germany,
EC,TWN,Avialeasing Aviation Company,TWINARROW,Uzbekistan,
EC,EJU,easyJet Europe,ALPINE,Austria,
ED*,ABQ,Airblue,PAKBLUE,Pakistan,
EE,EAY,Aero Airlines,REVAL,Estonia,defunct
EH,AKX,Air Nippon Network Co. Ltd.,ALFA WING,Japan,merged into ANA Wings
EH,SET,SAETA,SAETA,Ecuador,
EI,EIN,Aer Lingus,SHAMROCK,Ireland,
EJ,NEA,New England Airlines,NEW ENGLAND,United States,
EK,UAE,Emirates Airlines,EMIRATES,United Arab Emirates,
EL,ANK,Air Nippon,ANK AIR,Japan,"merged into All Nippon Airways, ICAO code no longer allocated"
EL,ELB,Ellinair,ELLINAIR HELLAS,Greece,
EM,CFS,Empire Airlines,EMPIRE AIR,United States,
EM*,AEB,Aero Benin,AEROBEN,Benin,defunct
EN,DLA,Air Dolomiti,DOLOMITI,Italy,
EO,LHN,Express One International,LONGHORN,United States,defunct
EO,ALX,Hewa Bora Airways,ALLCONGO,Democratic Republic of the Congo,
EP,IRC,Iran Aseman Airlines,ASEMAN,Iran,
EQ,TAE,TAME,TAME,Ecuador,Transporte Aéreos Militares Ecuatorianos
ER,DHL,Astar Air Cargo,D-H-L,United States,"defunct, DHL"
ES,DHX,DHL International,DILMUN,Bahrain,
ET,ETH,Ethiopian Airlines,ETHIOPIAN,Ethiopia,
EU,EEA,Empresa Ecuatoriana De Aviación,ECUATORIANA,Ecuador,
EV,ASQ,Atlantic Southeast Airlines,ACEY,United States,Merged into ExpressJet Airlines
EV,ASQ,ExpressJet,ACEY,United States,
EW,EWG,Eurowings,EUROWINGS,Germany,
EX,BJK,Atlantic Airlines,BLACKJACK,United States,
EX,SDO,Air Santo Domingo,AERO DOMINGO,Dominican Republic,
EY,EFL,Eagle Air,FLYING EAGLE,Tanzania,defunct 2002
EY,ETD,Etihad Airways,ETIHAD,United Arab Emirates,
EZ,EIA,Evergreen International Airlines,EVERGREEN,United States,
EZ,SUS,Sun Air of Scandinavia,SUNSCAN,Denmark,
F2,FLM,Fly Air,FLY WORLD,Turkey,
F3,FSW,Faso Airways,FASO,Burkina Faso,
F4,NBK,Albarka Air,AL-AIR,Nigeria,
F5,COZ,Cosmic Air,COSMIC AIR,Nepal,
F6,RCK,FaroeJet,ROCKROSE,Faroe Islands,
F7,BBO,Flybaboo,BABOO,Switzerland,
F9,FFT,Frontier Airlines,FRONTIER FLIGHT,United States,
FA,SFR,Safair,CARGO,South Africa,
FB,LZB,Bulgaria Air,FLYING BULGARIA,Bulgaria,
FC,WBA,Finncomm Airlines,WESTBIRD,Finland,
FD,,Royal Flying Doctor Service,FLYDOC,Australia,
FD,AIQ,Thai AirAsia,THAI ASIA,Thailand,
FE,FEA,Far Eastern Air Transport,Far Eastern,Taiwan,
FE,WCP,Primaris Airlines,WHITECAP,United States,
FF,,Airshop,,Netherlands,
FG,AFG,Ariana Afghan Airlines,ARIANA,Afghanistan,
FH,FHY,Freebird Airlines,FREEBIRD AIR,Turkey,
FH,FUA,Futura International Airways,FUTURA,Spain,defunct
FI,ICE,Icelandair,ICEAIR,Iceland,
FJ,FJI,Fiji Airways,PACIFIC,Fiji,
FK,WTA,Africa West,WEST TOGO,Togo,
FK,KEW,Keewatin Air,BLIZZARD,Canada,
FL,LPA,Air Leap,LEAP,Sweden,[7]
FL,TRS,AirTran Airways,CITRUS,United States,"defunct, last flight 12/30/2014, now part of Southwest Airlines"
FM,CSH,Shanghai Airlines,SHANGHAI AIR,China,Part of China Eastern Airlines
FN,RGL,Regional Air Lines,MAROC REGIONAL,Morocco,
FO,ATM,Airlines of Tasmania,AIRTAS,Australia,
FO,FBZ,Flybondi,BONDI,Argentina,
FP,FRE,FlyPelican,PELICAN,Australia,Pelican Airlines Pty Ltd since 1 June 2015
FP,FRE,Freedom Air,FREEDOM,United States,Aviation Services
FP,AND,Servicios Aéreos de los Andes,SERVI ANDES,Peru,2014[43]
FR,RYR,Ryanair,RYANAIR,Ireland,
FS,ACL,Itali Airlines,SPADA,Italy,Former name: Transporti Aerei Italiani; former IATA Code: 9X*; former ICAO code: ACO
FS,STU,Servicios de Transportes Aéreos Fueguinos,FUEGUINO,Argentina,ICAO and call sign not current
FT,FEG,FlyEgypt,SKY EGYPT,Egypt,Established in 2014
FT,SRH,Siem Reap Airways,SIEMREAP AIR,Cambodia,
FV,PLK,Pulkovo Aviation Enterprise,PULKOVO,Russia,defunct merged into Rossiya (airline)
FV,SDM,Rossiya,RUSSIA,Russia,Airline merged with Pulkovo Aviation Enterprise and renamed to Rossiya
FW,IBX,Ibex Airlines,IBEX,Japan,
FX,FDX,FedEx Express,FEDEX,United States,
FY,FFM,Firefly,FIREFLY,Malaysia,
FY,NWR,Northwest Regional Airlines,,Australia,
FZ,FDB,Flydubai,SKYDUBAI,UAE,
G0,GHB,Ghana International Airlines,GHANA AIRLINES,Ghana,
G1,,Gorkha Airlines,GORKHA AIRLINES,Nepal,?ICAO
G2,VXG,Avirex,AVIREX-GABON,Gabon,
G3,CIX,City Connexion Airlines,CONNEXION,Burundi,defunct
G3,GLO,Gol Transportes Aéreos,GOL TRANSPORTE,Brazil,Brazilian low-cost airline.
G4,AAY,Allegiant Air,ALLEGIANT,United States,
G5,HXA,China Express Airlines,CHINA EXPRESS,China,
G6,BSR,Guine Bissaur Airlines,BISSAU AIRLINES,Guinea-Bissau,
G6,WLG,Air Volga,GOUMRAK,Russia,
G7,GNF,Gandalf Airlines,Gandalf,Italy,
G7,GJS,GoJet Airlines,LINDBERGH,United States,
G8,AGB,Air Service Gabon,,Gabon,defunct
G8,ENK,Enkor JSC,ENKOR,Russia,
G8,GOW,GoAir,GOAIR,India,
G8,GUJ,Gujarat Airways,GUJARATAIR,India,
G9,ABY,Air Arabia,ARABIA,United Arab Emirates,
GA,GIA,Garuda Indonesia,INDONESIA,Indonesia,
GB,ABX,Airborne Express,ABEX,United States,"August 14, 2003 merged into DHL"
GB,ABX,ABX Air,ABEX,United States,"August 15, 2003 Air operations of former Airborne Express"
GC,GNR,Gambia International Airlines,GAMBIA INTERNATIONAL,Gambia,
GD,AHA,Air Alpha Greenland,AIR ALPHA,Denmark,sold to Air Greenland
GE,TNA,TransAsia Airways,,Taiwan,defunct
GF,GFA,Gulf Air,GULF AIR,Bahrain,
GG,GUY,Air Guyane,GREEN BIRD,French Guiana,
GG,HAH,Air Comores International,AIR COMORES,Comoros,
GG,GGC,Cargo 360,LONG-HAUL,United States,
GG,KYE,Sky Lease Cargo,SKY CUBE,United States,https://en.wikipedia.org/wiki/Sky_Lease_Cargo
GH,GLP,Globus Airlines,GLOBUS,Russia,
GH,GHA,Ghana Airways,GHANA,Ghana,defunct
GI,IKA,Itek Air,ITEK-AIR,Kyrgyzstan,?ICAO confirmed; IATA not
GJ,MXC,Compania Mexicargo,MEXICARGO,Mexico,
GJ,CDC,CDI Cargo Airlines,HUALONG,China,
GJ,EEZ,Eurofly,E-FLY,Italy,
GK,,Go One Airways,,United Kingdom,Defunct?
GL,GRL,Air Greenland,GREENLAND,Denmark,
GL,GRL,Air Greenland,GREENLAND,"Greenland
Denmark",
GM,SVK,Air Slovakia,SLOVAKIA,Slovakia,ICAO code no longer allocated
GN,AGN,Air Gabon,GOLF NOVEMBER,Gabon,defunct
GO,KZU,Kuzu Airlines Cargo,KUZU CARGO,Turkey,
GP,RIV,APG Airlines,RIVERA,France,
GP,PTP,Palau Trans Pacific Airlines,TRANS PACIFIC,Palau,
GQ,BSY,Big Sky Airlines,BIG SKY,United States,
GR,AUR,Aurigny Air Services,AYLINE,United Kingdom,
GR,GCO,Gemini Air Cargo,GEMINI,United States,
GS,UPA,Air Foyle,FOYLE,United Kingdom,"defunct, ICAO code no longer allocated"
GS,GCR,Tianjin Airlines,BO HAI,China,
GT,GBL,GB Airways,GEEBEE AIRWAYS,United Kingdom,
GV,ARF,Aero Flight,Aero Fox,Germany,defunct
GV,GUN,Grant Aviation,HOOT,United States,
GW,,Costa Rica Green Airways,,Costa Rica,
GW,KIL,Kuban Airlines,AIR KUBAN,Russia,
GW,SGR,SkyGreece Airlines,SKYGREECE,Greece,defunct
GX,GBC,Guangxi Beibu Gulf Airlines,SPRAY,China,
GX,,Pacificair,,Philippines,
GY,,Guyana Airways 2000,,,
GY,TMG,Tri-MG Intra Asia Airlines,TRILINES,Indonesia,
GZ,RAR,Air Rarotonga,AIR RAROTONGA,Cook Islands,
H1,,Hahn Air Systems,,Germany,
H2,SKU,Sky Airline,AEROSKY,Chile,
H4,,Héli Sécurité Helicopter Airlines,,France,
H4,IIN,Inter Island Airways,,Cape Verde,
H5,HOA,Hola Airlines,HOLA,Spain,
H5,MVL,Mavial Magadan Airlines,Mavial,Russia,
H6,HAG,Hageland Aviation Services,HAGELAND,United States,
H7,EGU,Eagle Air,AFRICAN EAGLE,Uganda,
H8,KHB,Dalavia,DALAVIA,Russia,
H9,HAD,Air d'Ayiti,HAITI AVIA,Haiti,
H9,HIM,Himalaya Airlines,HIMALAYA,Nepal,
H9,IZM,Izair,IZMIR,Turkey,
HA,HAL,Hawaiian Airlines,HAWAIIAN,United States,
HB,HAR,Harbor Airlines,HARBOR,United States,
HC,ATI,Aero-Tropics Air Services,,Australia,defunct
HC,SZN,Air Senegal,AIR SENEGAL,Senegal,
HC,HCC,Holidays Czech Airlines,CZECH HOLIDAYS,Czech Republic,
HC,,Iceland Express,,Iceland,Ceased operations 2012
HD,HLN,Air Holland,ORANGE,Netherlands,defunct
HD,ADO,AIRDO,AIR DO,Japan,
HE,LGW,German Airways,WALTER,Germany,Former name: Luftfahrtgesellschaft Walter
HF,HLF,Hapagfly,HAPAG LLOYD,Germany,TUIfly
HG,NLY,Niki,FLYNIKI,Austria,
HH,,Hope Air,HOPE AIR,Canada,
HJ,AXF,Asian Express Airlines,FREIGHTEXPRESS,Australia,[citation needed]
HJ,HEJ,Hellas Jet,HELLAS JET,Greece,ceased operation in 2010
HK,FSC,Four Star Aviation / Four Star Cargo,FOUR STAR,United States,Virgin Islands
HM,SEY,Air Seychelles,SEYCHELLES,Seychelles,
HN,HVY,Heavylift Cargo Airlines,HEAVY CARGO,Australia,
HO,DJA,Antinea Airlines,ANTINEA,Algeria,defunct
HP,AWE,America West Airlines,CACTUS,United States,Merged with US Airways
HP,,Hawaiian Pacific Airlines,,United States,defunct
HP,HPA,Pearl Airways,PEARL AIRWAYS,Haiti,IATA code withdrawn
HP,,Phoenix Airways,,Switzerland,
HQ,HMY,Harmony Airways,HARMONY,Canada,
HQ,TCW,Thomas Cook Airlines,THOMAS COOK,Belgium,Defunct
HR,HHN,Hahn Air,ROOSTER,Germany,
HT,AHW,Aeromist-Kharkiv,AEROMIST,Ukraine,defunct
HU,CHH,Hainan Airlines,HAINAN,China,
HV,TRA,Transavia Holland,TRANSAVIA,Netherlands,
HW,FHE,Hello,FLYHELLO,Switzerland,
HW,NWL,North-Wright Airways,NORTHWRIGHT,Canada,
HX,CRK,Hong Kong Airlines,BAUHINIA,Hong Kong,
HY,UZB,Uzbekistan Airways,UZBEK,Uzbekistan,
HZ,SHU,Sakhalinskie Aviatrassy (SAT),SATAIR,Russia,
HZ,SOZ,Sat Airlines,SATCO,Kazakhstan,
I2,IBS,Iberia Express,IBEREXPRESS,Spain,"Charter service, low cost carrier for EU flights of Iberia operating only A320s"
I4,EXP,Island Air Express,ISLAND EXPRESS,United States,2014[28]
I4,FWA,Interstate Airlines,FREEWAYAIR,Netherlands,Defunct
I5,IAD,AirAsia India,ARIYA,India,Founded 28. Mar 2013
I6,SEQ,Sky Eyes,SKY EYES,Thailand,
I7,PMW,Paramount Airways,PARAWAY,India,
I9,IBU,Indigo Airlines,INDIGO BLUE,United States,
IA,IAW,Iraqi Airways,IRAQI,Iraq,
IB,IBE,Iberia Airlines,IBERIA,Spain,
IC,IAC,Indian Airlines,INDAIR,India,
ID,BTK,Batik Air,BATIK,Indonesia,
ID,ITK,Interlink Airlines,INTERLINK,South Africa,
IE,SOL,Solomon Airlines,SOLOMON,Solomon Islands,
IF,ISW,Islas Airways,PINTADERA,Spain,
IG,AEY,Air Italy,AIR ITALY,Italy,merged into Meridiana
IG,ISS,Meridiana,MERIDIANA,Italy,Callsign was MERAIR
IH,,Falcon Aviation,,Sweden,
IH,MZA,Irtysh Air,IRTYSH AIRLINES,Kazakhstan,Old IATA code: IT; old ICAO code: IRT
II,CSQ,IBC Airways,CHASQUI,United States,
IJ,GWL,Great Wall Airlines,GREAT WALL,China,
IJ,SJO,Spring Airlines Japan,JEY SPRING,Japan,
IK,KAR,Ikar,IKAR,Russian Federation,
IK,LKN,Lankair,Lankair,Sri Lanka,
IM,MNJ,Menajet,MENAJET,Lebanon,
IN,MAK,MAT Macedonian Airlines,MAKAVIO,Macedonia,
IN,NIH,NAM Air,NAM,Indonesia,
IO,IAA,Indonesian Airlines,INDO LINES,Indonesia,
IP,JOL,Atyrau Air Ways,EDIL,Kazakhstan,
IP,ONS,One Airlines,AIR DREAMS,Chile,
IQ,AUB,Augsburg Airways,AUGSBURG-AIR,Germany,defunct
IR,IRA,Iran Air,IRANAIR,Iran,Was B9
IT,KFR,Kingfisher Airlines,KINGFISHER,India,
IT,TTW,Tigerair Taiwan,SMART CAT,Taiwan,
IV,JET,Wind Jet,GHIBLI,Italy,
IW,AOM,AOM French Airlines,French Lines,France,defunct
IW,WON,Wings Air,WINGS ABADI,Indonesia,Subsidiary of Lion Air
IX,AXB,Air India Express,EXPRESS INDIA,India,
IY,IYE,Yemenia,YEMENI,Yemen,
IZ,AIZ,Arkia Israel Airlines,ARKIA,Israel,
J2,AHY,Azerbaijan Airlines,AZAL,Azerbaijan,
J3,PLR,Northwestern Air,POLARIS,Canada,
J4,BFL,Buffalo Airways,BUFFALO,Canada,
J6,AOC,AVCOM,AERO AVCOM,Russia,
J7,CVC,Centre-Avia,AVIACENTRE,Russia,
J7,DNM,Denim Air,DENIM,Netherlands,Defunct
J7,VJA,ValuJet Airlines,CRITTER,United States,Now operating as AirTran Airways. J7 Reassigned.
J8,BVT,Berjaya Air,BERJAYA,Malaysia,
J9,GIF,Guinee Airlines,GUINEE AIRLINES,Guinea,defunct
JA,BON,B&H Airlines,Air Bosna,Bosnia and Herzegovina,
JB,JBA,Helijet,HELIJET,Canada,
JD,CBJ,Beijing Capital Airlines,CAPITAL JET,China,
JE,MNO,Mango,TULCA,South Africa,
JF,LAB,L.A.B. Flying Service,LAB,United States,
JH,NES,Nordeste Linhas Aéreas Regionais,NORDESTE,Brazil,
JI,MDW,Midway Airlines (1993–2003),MIDWAY,United States,defunct
JJ,AGX,Aviogenex,GENEX,Serbia,defunct
JJ,TAM,LATAM Brasil,TAM,Brazil,
JK,JKK,Spanair,SPANAIR,Spain,defunct
JM,AJM,Air Jamaica,JAMAICA,Jamaica,merged into Caribbean Airlines; ICAO and IATA codes no longer used.
JN,XLA,Excel Airways,EXPO,United Kingdom,
JP,ADR,Adria Airways,ADRIA,Slovenia,defunct as of September 2019
JR,SER,Aero California,AEROCALIFORNIA,Mexico,
JS,KOR,Air Koryo,AIR KORYO,Democratic People's Republic of Korea,
JT,LNI,Lion Air,LION INTER,Indonesia,
JU,ASL,Air Serbia,AIR SERBIA,Serbia,Name changed from Aeroput to JAT Yugoslav Airlines to Jat Airways to Air Serbia. Formerly used JAT as ICAO code.
JV,BLS,Bearskin Lake Air Service,BEARSKIN,Canada,
JW,APW,Arrow Air,BIG A,United States,defunct
JW,VNL,Vanilla Air,VANILLA,Japan,
JX,SJX,Starlux Airlines,STARWALKER,Taiwan,
JY,IWY,InterCaribbean Airways,ISLANDWAYS,Turks and Caicos Islands,Name changed from Interisland Airways Limited and Air Turks & Caicos
JY,TCI,Air Turks and Caicos,KERRMONT,Turks and Caicos Islands,ICAO code no longer allocated
JZ,SKX,Avia Express,SKY EXPRESS,Sweden,Former names: AMA-Flyg I Goteborg; Salair; former ICAO code: AAX
JZ,SKX,Skyways Express,SKY EXPRESS,Sweden,Ceased operations 2012; Operations continue as Avia Express
K2,ELO,Eurolot,EUROLOT,Poland,
K3,TQN,Taquan Air Services,TAQUAN,United States,
K4,CKS,Kalitta Air,CONNIE,United States,Operates 747-200s & -400s
K5,SQH,SeaPort Airlines,SASQUATCH,United States,Former airline: Wings of Alaska now part of SeaPort Airlines. Alternative callsign: WINGS (for VFR flights only). Former ICAO code: WAK.
K6,KHV,Angkor Air,AIR ANGKOR,Cambodia,
K6,KHV,Cambodia Angkor Air,ANGKOR AIR,Cambodia,
K6,KZW,Khalifa Airways,KHALIFA AIR,Algeria,
K8,ZAK,Airlink Zambia,,Zambia,Zambia Skyways Limited
K9,KFS,Kalitta Charters,KALITTA,United States,"Operates Lear 20s & 30s, Falcon 20s, & King Airs"
K9,KRI,Krylo Airlines,Krylo,Russia,
KA,HDA,Cathay Dragon,DRAGON,Hong Kong,
KB,DRK,Druk Air,ROYAL BHUTAN,Bhutan,
KC,KZR,Air Astana,ASTANALINE,Kazakhstan,
KC,KZR,Air Astana,SPAKAZ,Kazakhstan,
KD,AEN,Air Enterprise,AIR ENTERPRISE,France,defunct
KD,KLS,Kalstar Aviation,KALSTAR,Indonesia,
KD,KNI,KD Avia,KALININGRAD AIR,Russia,
KE,KAL,Korean Air,KOREANAIR,South Korea,
KF,BLF,Blue1,BLUEFIN,Finland,
KG,BNX,LAI - Línea Aérea IAACA,AIR BARINAS,Venezuela,
KH,AAH,Aloha Air Cargo,ALOHA,United States,
KI,AAG,Air Atlantique,ATLANTIC,United Kingdom,"Former name: Atlantic Air Transport; former IATA codes: 7M, DG, transferred to Atlantic Flight Training in 2014."
KI,DHI,Adam Air,ADAM SKY,Indonesia,defunct
KJ,AAZ,Asian Air,,Kyrgyzstan,
KJ,LAJ,British Mediterranean Airways,BEE MED,United Kingdom,
KK,KKK,Atlasjet,ATLASJET,Turkey,
KL,KLM,KLM,KLM,Netherlands,
KM,AMC,Air Malta,AIR MALTA,Malta,
KN,CUA,China United Airlines,LIANHANG,China,
KO,AER,Alaska Central Express,ACE AIR,United States,
KP,KIA,Kiwi International Air Lines,KIWI AIR,United States,
KQ,KQA,Kenya Airways,KENYA,Kenya,
KR,KME,Cambodia Airways,GIANT IBIS,Cambodia,
KR,CWK,Comores Airlines,CONTICOM,Comoros,
KS,PEN,Peninsula Airways,PENINSULA,United States,
KU,KAC,Kuwait Airways,KUWAITI,Kuwait,
KV,MVD,Kavminvodyavia,AIR MINVODY,Russia,
KV,SKV,Sky Regional Airlines,MAPLE,Canada,
KW,KHK,Kharkiv Airlines,SUNRAY,Ukraine,
KW,WAN,Wataniya Airways,WATANIYA,Kuwait,
KX,CAY,Cayman Airways,CAYMAN,Cayman Islands,
KY,EQL,Air São Tomé and Príncipe,EQUATORIAL,São Tomé and Príncipe,defunct
KZ,NCA,Nippon Cargo Airlines,NIPPON CARGO,Japan,
L1,,Lufthansa Systems,,Germany,
L2,LYC,Lynden Air Cargo,LYNDEN,United States,
L3,JOS,DHL de Guatemala,,Guatemala,
L3,LTO,LTU Austria,BILLA TRANSPORT,Austria,
L4,SSX,Lynx Aviation,SHASTA,United States,Part of Frontier Airlines
L5,,Línea Aérea Cuencana,,Ecuador,
L5,LTR,Lufttransport,LUFT TRANSPORT,Norway,
L6,VNZ,Tbilaviamsheni,TBILAVIA,Georgia,
L7,LPN,Laoag International Airlines,LAOAG AIR,Philippines,
L7,LNP,Línea Aérea SAPSA,SAPSA,Chile,
L8,LXG,Air Luxor GB,LUXOR GOLF,Guinea-Bissau,
L9,MLI,Air Mali,AIR MALI,Mali,defunct
L9,BAL,Belle Air Europe,BELLEAIR EUROPE,Italy,Previously Britannia Airways
L9,BTZ,Bristow U.S. LLC,BRISTOW,United States,
L9,TLW,Teamline Air,Teamline,Austria,
LA,LAN,LATAM Chile,LAN CHILE,Chile,
LB,LLB,Lloyd Aéreo Boliviano,LLOYDAEREO,Bolivia,
LC,VLO,Varig Logística,VELOG,Brazil,
LD,AHK,Air Hong Kong,AIR HONG KONG,Hong Kong,
LE,NSW,Norwegian Air Sweden,NORDIC,Sweden,subsidiary of Norwegian Air Shuttle
LF,VTE,Contour Airlines,VOLUNTEER,United States,
LF,NDC,FlyNordic,NORDIC,Sweden,defunct
LG,LGL,Luxair,LUXAIR,Luxembourg,
LH,DLH,Lufthansa,LUFTHANSA,Germany,
LH,GEC,Lufthansa Cargo,LUFTHANSA CARGO,Germany,
LI,LIA,Leeward Islands Air Transport,LIAT,Antigua and Barbuda,
LJ,JNA,Jin Air,JIN AIR,South Korea,
LJ,SLA,Sierra National Airlines,SELAIR,Sierra Leone,
LK,LXR,Air Luxor,AIRLUXOR,Portugal,ICAO code no longer allocated
LL,GRO,Allegro,ALLEGRO,Mexico,defunct (IATA code reallocated)
LL,BSK,Miami Air International,BISCAYNE,United States,"Previous IATA Code ""GL"""
LM,LVG,Livingston Energy Flight,LIVINGSTON,Italy,Ceased operations 2010
LM,LOG,Loganair,LOGAN,United Kingdom,Gained the code LM after beginning independent operations (2017)
LN,LAA,Libyan Arab Airlines,LIBAIR,Libya,
LO,LOT,LOT Polish Airlines,POLLOT,Poland,
LP,LPE,LATAM Peru,LANPERU,Peru,
LQ,LAQ,Lebanese Air Transport,LAT,Lebanon,
LR,LRC,LACSA,LACSA,Costa Rica,
LS,EXS,Jet2,Channex,United Kingdom,Started in 1983
LT,LTU,LTU International,LTU,Germany,
LT,SNG,LongJiang Airlines,SNOW EAGLE,China,
LU,LXP,LATAM Express,LANEX,Chile,
LV,LBC,Albanian Airlines,ALBANIAN,Albania,
LV,LVL,Level,LEVEL,Spain and France,
LW,NMI,Pacific Wings,TSUNAMI,United States,
LW,FDY,Sun Air International,FRIENDLY,United States,
LX,SWR,Swiss International Air Lines,SWISS,Switzerland,
LY,ELY,El Al Israel Airlines,ELAL,Israel,
LZ,,Balkan Bulgarian Airlines,,Bulgaria,defunct
LZ[47],SWU,Swiss Global Air Lines,EUROSWISS,Switzerland,
M2,MZS,Mahfooz Aviation,MAHFOOZ,Gambia,
M2,MHV,MHS Aviation GmbH,SNOWCAP,Germany,
M3,TUS,ABSA Cargo,Turismo,Brazil,
M3,SPJ,Air Service,AIR SKOPJE,Macedonia,
M3,NFA,North Flying,NORTH FLYING,Denmark,
M4,MSA,Mistral Air,AIRMERCI,Italy,renamed Poste Air Cargo
M4,MSA,Poste Air Cargo,AIRMERCI,Italy,
M5,KEN,Kenmore Air,KENMORE,United States,
M6,AJT,Amerijet International,AMERIJET,United States,
M7,MAA,MasAir,MAS CARGA,Mexico,
M7,MSL,Marsland Aviation,MARSLANDAIR,Sudan,
M7,TBG,Tropical Airways,,Haiti,
M8,MKN,Mekong Airlines,MEKONG AIRLINES,Cambodia,Defunct
M9,MSI,Motor Sich,MOTOR SICH,Ukraine,
MA,MAH,Malév Hungarian Airlines,MALEV,Hungary,defunct
MB,EXA,Execair Aviation,CANADIAN EXECAIRE,Canada,
MB,MNB,MNG Airlines,BLACK SEA,Turkey,
MC,RCH,Air Mobility Command,REACH,United States,United States Air Force
MD,MDG,Air Madagascar,AIR MADAGASCAR,Madagascar,
ME,MEA,Middle East Airlines,CEDAR JET,Lebanon,
MF,CXA,Xiamen Airlines,XIAMEN AIR,China,
MG,CCP,Champion Air,CHAMPION AIR,United States,
MH,MWG,MASwings,MASWINGS,Malaysia,
MH,MAS,Malaysia Airlines,MALAYSIAN,Malaysia,
MI,SLK,SilkAir,SILKAIR,Singapore,
MJ,LPR,Líneas Aéreas Privadas Argentinas,LAPA,Argentina,defunct
MJ,MLR,Mihin Lanka,MIHIN LANKA,Sri Lanka,
MK,MAU,Air Mauritius,AIRMAURITIUS,Mauritius,
ML,BIE,Air Mediterranee,MEDITERRANEE,France,defunct
ML,ETC,African Transport Trading and Investment Company,TRANATTICO,Sudan,
ML,MDW,Midway Airlines (1976–1991),MIDWAY,United States,defunct
MM,MMZ,EuroAtlantic Airways,EUROATLANTIC,Portugal,
MM,SAM,SAM Colombia,SAM,Colombia,Sociedad Aeronáutica De Medellín
MN,CAW,Comair,COMMERCIAL,South Africa,
MO,AUH,Abu Dhabi Amiri Flight,SULTAN,United Arab Emirates,Presidential flight
MO,CAV,Calm Air,CALM AIR,Canada,
MP,MPH,Martinair,MARTINAIR,Netherlands,
MQ,EGF,American Eagle Airlines,EAGLE FLIGHT,United States,"Renamed Envoy Air, ICAO Code and Callsign withdrawn in 2014"
MQ,ENY,Envoy Air,ENVOY,United States,2014[17]
MR,MRT,Air Mauritanie,MIKE ROMEO,Mauritania,
MR,MML,Hunnu Air,TRANS MONGOLIA,Mongolia,
MS,MSR,Egyptair,EGYPTAIR,Egypt,
MT,TCX,Thomas Cook Airlines,THOMAS COOK,United Kingdom,"Formerly ""KESTREL”"
MU,CES,China Eastern Airlines,CHINA EASTERN,China,
MV,RML,Air Mediterranean,HELLASMED,Greece,
MW,MYD,Maya Island Air,MYLAND,Belize,
MW,MUL,Mokulele Airlines,MUKULELE,United States,Callsign and code changed from BUG/SPEEDBUGGY in 2013
MX,MXA,Mexicana de Aviación,MEXICANA,Mexico,
MY,MXJ,Maxjet Airways,MAX-JET,United States,Defunct
MY,MWA,Midwest Airlines (Egypt),,Egypt,
MZ,MNA,Merpati Nusantara Airlines,MERPATI,Indonesia,
N2,DAG,Dagestan Airlines,DAGAL,Russia,
N2,QNK,Kabo Air,KABO,Nigeria,
N4,MTC,Mountain Air Company,MOUNTAIN LEONE,Sierra Leone,
N4,NCN,National Airlines,,Chile,
N4,NWS,Nordwind Airlines,NORDLAND,Russia,
N5,KGZ,Kyrgyz Airlines,BERMET,Kyrgyzstan,
N5,FEY,Fly Easy,FLYEASY,India,
N5,,Norfolk Air,,Norfolk Island,Defunct
N5,SGY,Skagway Air Service,SKAGWAY AIR,United States,
N6,JEV,Lagun Air,,Spain,
N6,ACQ,Nuevo Continente,AERO CONTINENTE,Peru,Operating license revoked by Chile 10/06/2002; Ceased operations 2005; Former name: Aero Continente
N7,ROK,National Airlines,RED ROCK,United States,defunct
N8,HGK,Fika Salaama Airlines,SALAAMA,Uganda,
N8,NCR,National Air Cargo dba National Airlines,NATIONAL CARGO,United States,
N9,,North Coast Aviation,,Papua New Guinea,
N9,SHA,Shree Airlines,SHREEAIR,Nepal,
NA,NAL,National Airlines,NATIONAL,United States,defunct
NA,NAO,North American Airlines,NORTH AMERICAN,United States,
NB,SNB,Sterling Airlines,STERLING,Denmark,
NC,NJS,National Jet Systems,NATIONAL JET,Australia,
NC,NAC,Northern Air Cargo,YUKON,United States,
NE,ESK,SkyEurope,RELAX,Slovakia,defunct
NF,AVN,Air Vanuatu,AIR VAN,Vanuatu,
NG,LDA,Lauda Air,LAUDA AIR,Austria,
NH,ANA,All Nippon Airways,ALL NIPPON,Japan,
NI,,LANICA,,Nicaragua,
NI,PGA,Portugalia,PORTUGALIA,Portugal,
NK,NKS,Spirit Airlines,SPIRIT WINGS,United States,
NK,NKS,Spirit Airlines,SPIRIT WINGS,United States,
NL,SAI,Shaheen Air,SHAHEEN AIR,Pakistan,
NM,DRD,Air Madrid,ALADA AIR,Spain,defunct
NM,NZM,Mount Cook Airline,MOUNTCOOK,New Zealand,
NN,MOV,VIM Airlines,MOV AIR,Russia,
NO,AUS,Aus-Air,,Australia,defunct
NO,NOS,Neos,MOONFLOWER,Italy,
NQ,AJX,Air Japan,AIR JAPAN,Japan,
NR,PIR,Pamir Airways,PAMIR,Afghanistan,
NT,IBB,Binter Canarias,BINTER,Spain,
NV,CRF,Air Central,AIR CENTRAL,Japan,Ceased operations 2010
NW,NWA,Northwest Airlines,NORTHWEST,United States,"defunct
merged with Delta Air Lines"
NX,AMU,Air Macau,AIR MACAO,Macao,
NY,FXI,Air Iceland,FAXI,Iceland,
NZ,EAG,Eagle Airways,EAGLE,New Zealand,
NZTE,ANZ,Air New Zealand,NEW ZEALAND,New Zealand,"""NZ"" used by New Zealand National Airways Corporation until its merger with Air New Zealand in 1978""TE"" used by TEAL from 1940-1965, then Air New Zealand from 1965-1990"
O2,,Linear Air,HARPOON,United States,Allocated in 2017
O3,CSS,SF Airlines,SHUN FENG,China,
O4,ABV,Antrak Air,ANTRAK,Ghana,
O6,ONE,Avianca Brazil,OCEAN AIR,Brazil,Owned by Synergy Group
O6,ONE,Avianca Brazil,OCEANAIR,Brazil,formerly Oceanair
O7,OZJ,Ozjet Airlines,AUSJET,Australia,
O8,OHK,Oasis Hong Kong Airlines,OASIS,Hong Kong,Defunct
O9,NOV,Nova Airline,NOVANILE,Sudan,
OA,OAL,Olympic Air,OLYMPIC,Greece,
OA,OAL,Olympic Airlines,OLYMPIC,Greece,Defunct
OB,ASZ,Astrakhan Airlines,AIR ASTRAKHAN,Russia,defunct
OB,AAT,Austrian Airtransport,AUSTRIAN CHARTER,Austria,"defunct; former IATA code: U8, OG; former ICAO code: AUC"
OB,BOV,Boliviana de Aviación,BOLIVIANA,Bolivia,
OB,AAN,Oasis International Airlines Now assigned to Boliviana de Aviacion (BoA),OASIS,Spain,Ceased operations
OD,MXD,Malindo Airways,MALINDO EXPRESS,Malaysia,
OE,AOT,Asia Overnight Express,ASIA OVERNIGHT,Philippines,
OE[29],LDM,LaudaMotion,LAUDA MOTION,Austria,
OE,LDM,Laudamotion,LAUDA MOTION,Austria,
OF,FIF,Air Finland,AIR FINLAND,Finland,
OF,ENT,Enter Air,ENTER,Poland,
OF,TML,Transports et Travaux Aériens de Madagascar,TAM AIRLINE,Madagascar,
OH,COM,Comair,COMAIR,United States,
OH,JIA,PSA Airlines,BLUE STREAK,United States,part of American Airlines Group
OJ,FJM,Fly Jamaica Airways,GREENHEART,Jamaica,
OJ,OLA,Overland Airways,OVERLAND,Nigeria,
OK,CSA,Czech Airlines,CSA,Czech Republic,
OK,CSA,Czech Airlines,CSA-LINES,Czech Republic,
OL,OLT,OLT Express Germany,OLTRA,Germany,
OL,SZB,Samoa Air,SAMOA,Samoa,
OM,MGL,MIAT Mongolian Airlines,MONGOL AIR,Mongolia,
ON,RON,Our Airline,OUR AIRLINE,Nauru,formerly Air Nauru
OO,SKW,SkyWest Airlines,SKYWEST,United States,
OP,CHK,Chalk's International Airlines,CHALKS,United States,
OQ,CQN,Chongqing Airlines,CHONG QING,China,
OR,TFL,TUI Airlines Netherlands,ORANGE,Netherlands,
OS,AUA,Austrian Airlines,AUSTRIAN,Austria,
OT,PEL,Aeropelican Air Services,PELICAN,Australia,
OU,CTN,Croatia Airlines,CROATIA,Croatia,
OV,ELL,Estonian Air,ESTONIAN,Estonia,
OV,OMS,SalamAir,MAZOON,Oman,Oman’s first Low Cost Carrier
OW,EXK,Executive Airlines,EXECUTIVE EAGLE,United States,American Eagle
OX,OEA,Orient Thai Airlines,ORIENT THAI,Thailand,
OY,ANS,Andes Líneas Aéreas,AEROANDES,Argentina,
OY,OAE,Omni Air International,OMNI-EXPRESS,United States,
OZ,AAR,Asiana Airlines,ASIANA,Republic of Korea,
OZ,OZR,Ozark Air Lines,OZARK,United States,Defunct
P0,PFZ,Proflight Zambia,PROFLIGHT-ZAMBIA,Zambia,
P2,LLI,Small Planet Airlines,AURIGA,Italy,defunct
P3,PTB,Passaredo Transportes Aéreos,PASSAREDO,Brazil,
P5,RPB,AeroRepública,AEROREPUBLICA,Colombia,
P6,PSC,Pascan Aviation,PASCAN,Canada,1999
P6,PVG,Privilege Style Líneas Aéreas,PRIVILEGE,Spain,
P7,REP,Regional Paraguaya,REGIOPAR,Paraguay,Defunct
P7,ESL,Russian Sky Airlines,RADUGA,Russia,
P7,LLP,Small Planet Airlines,SKYPOL,Poland,defunct
P8,MKG,Air Mekong,MEKONG,Vietnam,defunct
P8,PTN,Pantanal Linhas Aéreas,PANTANAL,Brazil,
P9,,Nas Air,,Mali,
P9,PGP,Perm Airlines,PERM AIR,Russia,
P9,PVN,Peruvian Airlines,,Peru,
PA,FCL,Florida Coastal Airlines,FLORIDA COASTAL,United States,
PA,PAA,Pan American Airways,,United States,defunct
PA,PAA,Pan American World Airways,CLIPPER,United States,
PB,SPR,Provincial Airlines,SPEEDAIR,Canada,
PC,FAJ,Air Fiji,FIJIAIR,Fiji,defunct
PC,PGT,Pegasus Airlines,SUNTURK,Turkey,"WAS 1I, H9"
PD,POE,Porter Airlines,PORTER,Canada,
PE,AEL,Air Europe Italy,AIR EUROPE,Italy,defunct
PE,PEV,People's,PEOPLES,Austria,Previously used by Pegaviation
PF,PNW,Palestinian Airlines,PALESTINIAN,Egypt,
PG,BKP,Bangkok Airways,BANGKOK AIR,Thailand,
PH,PAO,Polynesian Airlines,POLYNESIAN,Samoa,
PI,PDT,Piedmont Airlines (1948-1989),PIEDMONT,United States,defunct
PI,SGU,Sol del Paraguay,SOLPARAGUAYO,Paraguay,
PI,SUF,Sun Air (Fiji),SUNFLOWER,Fiji,
PJ,SPM,Air Saint Pierre,SAINT-PIERRE,France,
PK,PIA,Pakistan International Airlines,PAKISTAN,Pakistan,
PL,PLI,Aeroperú,Aeroperu,Peru,defunct
PL,ASE,Airstars,MOROZOV,Russia,defunct
PM,TOS,Tropic Air,TROPISER,Belize,
PN,CHB,West Air (China),WEST CHINA,China,
PN,,Pan American Airways,,United States,defunct
PO,PAC,Polar Air Cargo,POLAR,United States,
PQ,SQP,SkyUp,SKYUP,Ukraine,
PR,PAL,Philippine Airlines,PHILIPPINE,Philippines,
PS,AUI,Ukraine International Airlines,UKRAINE INTERNATIONAL,Ukraine,
PT,CCI,Capital Cargo International Airlines,CAPPY,United States,Allocation deleted 2013
PT,SWN,West Air Sweden,AIR SWEDEN,Sweden,
PU,PUA,PLUNA,PLUNA,Uruguay,
PV,PNR,PAN Air,SKYJET,Spain,
PV,SBU,St Barth Commuter,BLACK FIN,France,
PW,PRF,Precision Air,PRECISION AIR,Tanzania,
PX,ANG,Air Niugini,NIUGINI,Papua New Guinea,
PY,SLM,Surinam Airways,SURINAM,Suriname,
PZ,LAP,LATAM Paraguay,PARAGUAYA,Paraguay,
PZ,LAP,TAM Mercosur,PARAGUAYA,Paraguay,
Q2,DQA,Maldivian (airline),ISLAND AVIATION,Maldives,
Q3,MBN,Zambian Airways,ZAMBIANA,Zambia,
Q4,,Mastertop Linhas Aéreas,,Brazil,
Q4,SWX,Swazi Express Airways,SWAZI EXPRESS,Swaziland,
Q4,TLK,Starlink Aviation,STARLINK,Canada,
Q5,MLA,40-Mile Air,MILE-AIR,United States,
Q6,CDP,Aero Condor Peru,CONDOR-PERU,Peru,
Q7,SBM,SkyBahamas,SKY BAHAMAS,Bahamas,
Q8,PEC,Pacific East Asia Cargo Airlines,PAC-EAST CARGO,Philippines,
Q9,AFU,Afrinat International Airlines,AFRINAT,Gambia,"defunct, ICAO code no longer allocated"
QB,AAJ,Air Alma,AIR ALMA,Canada,Ceased operations 10/01/2002; former IATA code: 4L
QB,GFG,Georgian National Airlines,NATIONAL,Georgia,
QC,CRD,Air Corridor,AIR CORRIDOR,Mozambique,defunct
QD,QCL,Air Class Líneas Aéreas,ACLA,Uruguay,
QE,ECC,Crossair Europe,Cigogne,Switzerland,
QF,EAQ,Eastern Australia Airlines,EASTERN,Australia,IATA dupe with parent QANTAS. Also uses 2 letter ICAO EA.
QF,QFA,Qantas,QANTAS,Australia,
QF,QLK,QantasLink,QLINK,Australia,Turbo-Props
QF,QJE,QantasLink,QJET,Australia,Qantaslink Jet Operations
QF,SSQ,Sunstate Airlines,SUNSTATE,Australia,Uses IATA of parent QANTAS.
QH,LYN,Air Kyrgyzstan,ALTYN AVIA,Kyrgyzstan,Name changed from Kyrgyzstan
QH,FLZ,Aero Leasing,AIR FLORIDA,United States,dba Air Florida
QH,FLA,Air Florida,PALM,United States,relaunching
QH,LYN,Kyrgyzstan,ALTYN AVIA,Kyrgyzstan,Name changed to Air Kyrgyzstan
QI,CIM,Cimber Sterling,CIMBER,Denmark,
QK,JZA,Air Canada Jazz,JAZZ,Canada,
QL,RLN,Aero Lanka,AERO LANKA,Sri Lanka,
QL,RLN,Lankan Cargo,AERO LANKA,Sri Lanka,
QL,LER,Línea Aérea de Servicio Ejecutivo Regional,LASER,Venezuela,
QM,AML,Air Malawi,MALAWI,Malawi,
QN,ARR,Air Armenia,AIR ARMENIA,Armenia,
QO,MPX,Aeromexpress,AEROMEXPRESS,Mexico,
QO,OGN,Origin Pacific Airways,ORIGIN,New Zealand,
QQ,UTY,Alliance Airlines,UNITY,Australia,
QQ,ROA,Reno Air,RENO AIR,United States,defunct
QR,QTR,Qatar Airways,QATARI,Qatar,
QS,QSC,African Safari Airways,ZEBRA,Kenya,
QS,TVS,Smartwings,SKYTRAVEL,Czech Republic,
QT,TPA,TAMPA,TAMPA,Colombia,
QU,UTN,UTair-Ukraine,UT Ukraine,Ukraine,
QU,UGA,Uganda Airlines (1976–2001),UGANDA,Uganda,Ceased operations 2001
QV,LAO,Lao Airlines,LAO,Lao People's Democratic Republic,
QW,BWG,Blue Wings,BLUE WINGS,Germany,defunct
QX,QXE,Horizon Air,HORIZON AIR,United States,
QY,BCS,European Air Transport,EUROTRANS,Belgium,
QZ,AWQ,Indonesia AirAsia,WAGON AIR,Indonesia,
R0,RPK,Royal Airlines,ROYAL PAKISTAN,Pakistan,
R1,,Sirin,,,
R2,ORB,Orenburg Airlines,ORENBURG,Russia,
R3,RME,Armenian Airlines,ARMENIAN,Armenia,defunct
R3,SYL,Aircompany Yakutia,AIR YAKUTIA,Russia,
R3,SYL,Yakutia Airlines,AIR YAKUTIA,Russia,
R5,MAC,Malta Air Charter,MALTA CHARTER,Malta,Defunct?
R6,,RACSA,,Guatemala,
R7,OCA,Aserca Airlines,AROSCA,Venezuela,
R8,KGA,Kyrgyzstan Airlines,KYRGYZ,Kyrgyzstan,
R9,CAM,Camai Air,AIR CAMAI,United States,Village Aviation
RA,RNA,Nepal Airlines,ROYAL NEPAL,Nepal,was Royal Nepal Airlines
RB,SBK,Air Srpska,Air Srpska,Bosnia and Herzegovina,defunct
RB,SYR,Syrian Arab Airlines,SYRIANAIR,Syrian Arab Republic,
RC,FLI,Atlantic Airways,FAROELINE,Faroe Islands,
RD,RYN,Ryan International Airlines,RYAN INTERNATIONAL,United States,
RE,REA,Aer Arann,AER ARANN,Ireland,
RE,STK,Stobart Air,STOBART,Ireland,
RF,FWL,Florida West International Airways,FLO WEST,United States,
RG,VRN,VRG Linhas Aéreas,VARIG,Brazil,
RH,HKC,Hong Kong Air Cargo,MASCOT,Hong Kong,
RH,RPH,Republic Express Airlines,PUBLIC EXPRESS,Indonesia,
RI,MDL,Mandala Airlines,MANDALA,Indonesia,
RJ,RJA,Royal Jordanian,JORDANIAN,Jordan,
RK,RCT,Skyview Airways,GREENSKY,THAILAND,2014[41]
RK,RKH,Royal Khmer Airlines,KHMER AIR,Cambodia,
RL,RIO,Rio Linhas Aéreas,RIO,Brazil,
RL,PPW,Royal Phnom Penh Airways,PHNOM-PENH AIR,Cambodia,
RO,ROT,Tarom,TAROM,Romania,
RP*,CHQ,Chautauqua Airlines,CHAUTAUQUA,United States,Was US*
RQ,KMF,Kam Air,KAMGAR,Afghanistan,
RR,RFR,Royal Air Force,RAFAIR,United Kingdom,
RR,RYS,Buzz (Ryanair),MAGIC SUN,Poland,
RS,ASV,Air Seoul,AIR SEOUL,South Korea,
RS,ICT,Intercontinental de Aviación,CONTAVIA,Colombia,
RS,MJN,Royal Air Force of Oman,MAJAN,Oman,
RT,BUG,UVT Aero,,Russia,
RU,ABW,AirBridge Cargo,AIRBRIDGE CARGO,Russia,Former IATA: BO
RU,SKI,SkyKing Turks and Caicos Airways,SKYKING,Turks and Caicos Islands,IATA was QW
RV,ROU,Air Canada Rouge,ROUGE,Canada,
RV,CPN,Caspian Airlines,CASPIAN,Iran,
RV*,AFI,Africaone,AFRICAWORLD,The Gambia,
RW,RPA,Republic Airlines,BRICKYARD,United States,
RX,AEH,Aviaexpress,AVEX,Hungary,defunct
RX,RGE,Regent Airways,REGENT,Bangladesh,
RZ,,Euro Exec Express,,Sweden,
RZ*,LRS,Sansa,,Costa Rica,
S0,OKS,Slok Air Gambia,SLOK GAMBIA,Gambia,
S2,RSH,Air Sahara,SAHARA,India,renamed to Jetlite
S3,BBR,Santa Barbara Airlines,SANTA BARBARA,Venezuela,
S4,RZO,SATA International,AIR AZORES,Portugal,
S5,TCF,Shuttle America,MERCURY,United States,
S5,LLC,Small Planet Airlines,SMALL PLANET,Lithuania,defunct
S5,TSJ,Trast Aero,TRAST AERO,Kyrgyzstan,
S6,SRR,Star Air,WHITESTAR,Denmark,
S6,,Star Air,,Denmark,
S7,SBI,S7 Airlines,SIBERIAN AIRLINES,Russia,
S8,CSU,Chari Aviation Services,CHARI SERVICE,Chad,
S8,SWW,Shovkoviy Shlyah,WAY AERO,Ukraine,
S8,SWZ,Skywise Airline,SKYWISE,South Africa,
S9,HSA,East African Safari Air,DUMA,Kenya,
SA,SAA,South African Airways,SPRINGBOK,South Africa,
SB,ACI,Air Caledonie International,AIRCALIN,France,
SC,CDG,Shandong Airlines,SHANDONG,China,
SD,SUD,Sudan Airways,SUDANAIR,Sudan,
SE,SEU,XL Airways France,STARWAY,France,
SF,DTH,Tassili Airlines,TASSILI AIR,Algeria,
SG,SEJ,Spicejet,SPICEJET,India,
SH,FLY,Fly Me Sweden,FLYBIRD,Sweden,
SH,SHA,Sharp Airlines,SHARP,Australia,Uses unregistered ICAO & IATA.
SI,SIH,Skynet Airlines,BLUEJET,Ireland,
SJ,FOM,Freedom Air,FREE AIR,New Zealand,Operated from 1995 to 30 March 2008
SK,SAS,Scandinavian Airlines,SCANDINAVIAN,"Sweden, Denmark and Norway",
SK,CNO,SAS Braathens,SCANOR,Norway,
SL,RSL,Rio Sul Serviços Aéreos Regionais,RIO SUL,Brazil,defunct
SL,TLM,Thai Lion Mentari,MENTARI,Thailand,
SM,AAW,Aberdeen Airways,,United Kingdom,defunct
SM,SRL,Swedline Express,Starline,Sweden,Ceased operations 2006
SN,BXI,Brussels International Airlines,XENIA,Belgium,
SN,BEL,Brussels Airlines,BEE-LINE,Belgium,
SO,HKA,Superior Aviation,SPEND AIR,United States,
SO,OSL,Sosoliso Airlines,SOSOLISO,Nigeria,
SO,AAS,Sunshine Airlines,,,defunct
SP,SAT,SATA Air Acores,SATA,Portugal,
SQ,SIA,Singapore Airlines,SINGAPORE,Singapore,
SQ,SQC,Singapore Airlines Cargo,SINGCARGO,Singapore,
SR,SWR,Swissair,SWISSAIR,Switzerland,defunct
SR,SDR,Sundair,SUNDAIR,Germany,
SS,CRL,Corsairfly,CORSAIR,France,
SS,CRL,Corsairfly,CORSAIR,France,
ST,GMI,Germania,GERMANIA,Germany,
ST*,STT,"Western Aircraft, Inc",SAWTOOTH,United States,
SU,AFL,Aeroflot Russian Airlines,AEROFLOT,Russia,
SV,SVA,Saudia,SAUDIA,Saudi Arabia,
SW,NMB,Air Namibia,NAMIBIA,Namibia,
SX,SRK,Sky Work Airlines,SKYFOX,Switzerland,
SX,SKB,Skybus Airlines,SKYBUS,United States,defunct
SY,SCX,Sun Country Airlines,SUN COUNTRY,United States,
SZ,WOW,Air Southwest,SWALLOW,United Kingdom,defunct
T2,TCG,Thai Air Cargo,THAI CARGO,Thailand,
T3,EZE,Eastern Airways,EASTFLIGHT,United Kingdom,
T4,TIB,TRIP Linhas Aéreas,TRIP,Brazil,IATA code 8R changed to T4 (2010)
T5,TUA,Turkmenhovayollary,TURKMENISTAN,Turkmenistan,
T6,TVR,Tavrey Airlines,TAVREY,Ukraine,
T7,TJT,Twin Jet,TWINJET,France,
T9,TRZ,TransMeridian Airlines,TRANS-MERIDIAN,United States,Defunct
T9,TSX,Thai Star Airlines,THAI STAR,Thailand,
TC,ATC,Air Tanzania,TANZANIA,Tanzania,
TC,ATC,Air Tanzania Company Limited,TANZANIA,Tanzania,
TD,LUR,Atlantis European Airways,,Armenia,
TD,TLP,Tulip Air,TULIPAIR,Netherlands,
TE,LIL,FlyLal,LITHUANIA AIR,Lithuania,defunct
TE,IGA,Skytaxi,IGUANA,Poland,
TF,SCW,Malmö Aviation,SCANWING,Sweden,
TG,THA,Thai Airways International,THAI,Thailand,
TH,,BA Connect,,United Kingdom,
TH,TSE,Transmile Air Services,TRANSMILE,Malaysia,
TI,TOL,Tol-Air Services,TOL AIR,United States,
TJ,GPD,Tradewind Aviation,GOODSPEED,United States,
TK,THY,Turkish Airlines,TURKISH,Turkey,
TL,ANO,Airnorth,TOPEND,Australia,
TL,TMA,Trans Mediterranean Airlines,TANGO LIMA,Lebanon,
TM,LAM,Linhas Aéreas de Moçambique,MOZAMBIQUE,Mozambique,
TN,THT,Air Tahiti Nui,TAHITI AIRLINES,France,
TO,PSD,President Airlines,,Cambodia,
TO,TVF,Transavia France,FRANCE SOLEIL,France,
TP,TAP,TAP Portugal,AIR PORTUGAL,Portugal,
TQ,TDM,Tandem Aero,TANDEM,Moldova,
TR,TGW,Scoot,SCOOTER,Singapore,Former IATA: TZ Former ICAO: SCO; Adopted Tigerair codes after their merger
TR,TBA,Transbrasil,TRANSBRASIL,Brazil,defunct
TR,TGW,Tigerair Singapore,GO CAT,Singapore,Merged with Scoot
TS,TSC,Air Transat,AIR TRANSAT,Canada,
TT,KLA,Air Lithuania,KAUNAS,Lithuania,defunct
TT,TGG,Tigerair Australia,TIGGOZ,Australia,"Previously TGW, callsign GO CAT"
TU,TAR,Tunisair,TUNAIR,Tunisia,
TV,VEX,Virgin Express,VIRGIN EXPRESS,Belgium,
TW,TWB,T'way Air,TWAYAIR,Republic of Korea,
TX,FWI,Air Caraïbes,FRENCH WEST,France,
TX,TAN,Transportes Aéreos Nacionales,,Honduras,Defunct
TXZ,Thai Express Air,EXPRESS AIR,Thailand,2014[49],
TY,TPC,Air Calédonie,AIRCAL,France,
TY,IWD,Iberworld,IBERWORLD,Spain,
TZ,TWG,air-taxi Europe,TWINGOOSE,Germany,
TZ,AMT,ATA Airlines,AMTRAN,United States,defunct
TZ,,Tsaradia,,Madagascar,
U2,EZY,easyJet UK,EASY,United Kingdom,
U3,AIA,Avies,AVIES,Estonia,
U4,BHA,Buddha Air,BUDDHA AIR,Nepal,
U4,PMT,PMTair,MULTITRADE,Cambodia,Progress Multitrade
U5,GWY,USA3000 Airlines,GETAWAY,United States,
U6,SVR,Ural Airlines,SVERDLOVSK AIR,Russia,
U7,UGA,Air Uganda,UGANDA,Uganda,
U7,,Northern Dene Airways,,Canada,
U7,JUS,USA Jet Airlines,JET USA,United States,
U8,RNV,Armavia,ARMAVIA,Armenia,"defunct, ICAO code no longer allocated"
UA,UAL,United Airlines,UNITED,United States,
UB,UBA,Myanma Airways,UNIONAIR,Myanmar,
UC,LCO,LATAM Cargo Chile,LAN CARGO,Chile,
UD,HER,Hex'Air,HEX AIRLINE,France,
UE,NAS,Nasair,NASAIRWAYS,Eritrea,
UE,TEP,Transeuropean Airlines,TRANSEURLINE,Russia,
UF,UKM,UM Airlines,UKRAINE MEDITERRANEE,Ukraine,Ukraine Mediterranean Airlines
UG,SEN,SevenAir,S-BAR,United States,
UG,TUI,Tuninter,,Tunisia,
UH,USH,US Helicopter,US-HELI,United States,
UI,ECA,Eurocypria Airlines,EUROCYPRIA,Cyprus,
UI,CSW,SW Italia,SILKITALIA,Italy,
UJ,LMU,Al Masria Universal Airlines,ALMASRIA,Egypt,
UK,VTI,Vistara,Vistara,India,Commenced operations 9 January 2015
UL,ALK,SriLankan Airlines,SRILANKAN,Sri Lanka,
UM,AZW,Air Zimbabwe,AIR ZIMBABWE,Zimbabwe,
UN,TSO,Transaero Airlines,TRANSOVIET,Russia,
UO,HKE,Hong Kong Express Airways,HONGKONG SHUTTLE,Hong Kong,
UP,BHS,Bahamasair,BAHAMAS,Bahamas,
UQ,OCM,O'Connor Airlines,OCONNOR,Australia,Defunct - Bankrupt
UR,UGD,Uganda Airlines,CRESTED,Uganda,Started operations in 2019
US,AWE,US Airways,CACTUS,United States,
US,,Unavia Suisse,,Switzerland,
UT,UTA,UTair Aviation,UTAIR,Russia,WAS P2 till 2006
UU,REU,Air Austral,REUNION,France,
UX,AEA,Air Europa,EUROPA,Spain,
UY,UYC,Cameroon Airlines,CAM-AIR,Cameroon,defunct
UZ,BRQ,El-Buraq Air Transport,BURAQAIR,Libya,
V0,VCV,Conviasa,CONVIASA,Venezuela,
V2,AKT,Karat,AVIAKARAT,Russia,
V2,RBY,Vision Airlines,RUBY,United States,Charter Airline and Las Vegas Tours
V3,KRP,Carpatair,CARPATAIR,Romania,
V4,REK,Reem Air,REEM AIR,Kyrgyzstan,
V4,VES,Vieques Air Link,VIEQUES,United States,
V5,VLI,Avolar Aerolíneas,AEROVOLAR,Mexico,defunct
V5,VPA,DanubeWings,VIP TAXI,Slovakia,Former names VIP Air and VIP Wings
V5,RYL,Royal Aruban Airlines,ROYAL ARUBAN,Aruba,
V7,SNG,Air Senegal International,AIR SENEGAL,Senegal,defunct
V7,VOE,Volotea,VOLOTEA,Spain,
V8,VAS,ATRAN Cargo Airlines,ATRAN,Russian Federation,
V8,IAR,Iliamna Air Taxi,ILIAMNA AIR,United States,
V9,BTC,BAL Bashkirian Airlines,BASHKIRIAN,Russia,
V9,HCW,Star1 Airlines,STAR1,Lithuania,defunct
VA,OZW,Virgin Australia Regional Airlines,VELOCITY,Australia,
VA,VOZ,Virgin Australia,VELOCITY,Australia,"Previously Used: KANGA, AURORA, VEE-OZ"
VA,,Viasa,,Venezuela,IATA Code transferred to Virgin Australia
VB,VIV,Aeroenlaces Nacionales,AEROENLACES,Mexico,Former ICAO code: AEN
VB,VIV,VIVA Aerobus,AEROENLACES,Mexico,
VC,VCX,Ocean Airlines,OCEANCARGO,Italy,
VC,VAL,Voyageur Airways,VOYAGEUR,Canada,
VD,LIB,Air Liberté,AIR LIBERTE,France,defunct
VD,KPA,Kunpeng Airlines,KUNPENG,China,
VD,BBB,SwedJet Airways,BLACKBIRD,Sweden,
VE,AVE,Avensa,AVENSA,Venezuela,defunct
VE,EUJ,EUjet,UNION JET,Ireland,defunct
VE,VLE,C.A.I. Second,VOLA,Italy,
VF,VLU,Valuair,VALUAIR,Singapore,Merged with Jetstar Asia
VG,VLM,VLM Airlines,RUBENS,Belgium,
VH,ALV,Aeropostal Alas de Venezuela,AEROPOSTAL,Venezuela,
VH,VVC,Viva Air Colombia,Viva Air Colombia,Colombia,"Commenced operations on May 25, 2012"
VI,VDA,Volga-Dnepr Airlines,VOLGA,Russia,
VJ,AFF,Africa Airways,AFRIWAYS,Benin,
VJ,VJC,Vietjet Air,VIETJET,Vietnam,
VK,FVK,FlyViking,BALDER,Norway,Established in 2016
VK,VGN,Virgin Nigeria Airways,VIRGIN NIGERIA,Nigeria,
VL,VIM,Air VIA,CRYSTAL,Bulgaria,
VM,VOA,Viaggio Air,VIAGGIO,Bulgaria,
VN,HVN,Vietnam Airlines,VIET NAM AIRLINES,Vietnam,
VO,TYR,Tyrolean Airways,TYROLEAN,Austria,Renamed from Austrian Arrows
VP,VSP,VASP,VASP,Brazil,defunct
VQ,NVQ,Novo Air,NOVO AIR,Bangladesh,
VR,TCV,TACV,CABOVERDE,Cape Verde,
VS,VIR,Virgin Atlantic,VIRGIN,United Kingdom,
VT,VTA,Air Tahiti,AIR TAHITI,French Polynesia,
VU,VUN,Air Ivoire,AIRIVOIRE,Ivory Coast,defunct
VV,AEW,Aerosvit Airlines,AEROSVIT,Ukraine,defunct
VW,TAO,Aeromar,TRANS-AEROMAR,Mexico,
VX,AES,ACES Colombia,ACES,Colombia,defunct
VX,VRD,Virgin America,REDWOOD,United States,
VY,FOS,Formosa Airlines,,Taiwan,defunct
VY,VLG,Vueling Airlines,VUELING,Spain,
VZ,MYT,MyTravel Airways,KESTREL,United Kingdom,"Defunct, callsign now used by Thomas Cook Airlines"
VZ,TVJ,Thai Vietjet Air,THAIVIET JET,Thailand,2014[49]
W2,CWA,Canadian Western Airlines,CANADIAN WESTERN,Canada,
W3,FYH,Flyhy Cargo Airlines,FLY HIGH,Thailand,
W3,SCL,Switfair Cargo,SWIFTAIR,Canada,
W4,BES,Aero Services Executive,BIRD EXPRESS,France,
W5,IRM,Mahan Air,MAHAN AIR,Iran,
W6,WZZ,Wizz Air,WIZZAIR,Hungary,
W7,SAH,Sayakhat Airlines,SAYAKHAT,Kazakhstan,
W7,KMR,Western Pacific Airlines,KOMSTAR,United States,
W8,CJT,Cargojet Airways,CARGOJET,Canada,
W9,AAB,Abelag Aviation,ABG,Belgium,
W9,JAB,Air Bagan,AIR BAGAN,Myanmar,
W9,SGR,Eastwind Airlines,STINGER,United States,defunct
W9,WUK,Wizz Air UK,WIZZ GO,United Kingdom,
WA,KLC,KLM Cityhopper,CITY,Netherlands,
WA,WAL,Western Airlines,WESTERN,United States,defunct
WA,KLC,KLM Cityhopper,CITY,the Netherlands,
WB,RWD,Rwandair Express,RWANDAIR,Rwanda,
WC,ISV,Islena De Inversiones,,Honduras,
WD,DSR,DAS Air Cargo,DAIRAIR,Uganda,
WD,MWM,Modern Transporte Aereo De Carga,MODERNAIR,Brazil,
WD,WDL,WDL Aviation,WDL,Germany,
WD*,AAN,Amsterdam Airlines,AMSTEL,Netherlands,Former IATA code: FH*. ICAO code and call sign no longer allocated
WE,CWC,Centurion Air Cargo,CHALLENGE CARGO,United States,
WE,THD,Thai Smile Airways,THAI SMILE,Thailand,2014[49]
WF,WIF,Widerøe,WIDEROE,Norway,
WG,SWG,Sunwing Airlines,SUNWING,Canada,
WH,CNW,China Northwest Airlines,CHINA NORTHWEST,China,defunct
WH,WEB,WebJet Linhas Aéreas,WEB-BRASIL,Brazil,
WK,AFB,American Falcon,AMERICAN FALCON,Argentina,defunct
WK,EDW,Edelweiss Air,EDELWEISS,Switzerland,
WL,WLS,Air Wales Virtual,WALES,United Kingdom,
WN,SWA,Southwest Airlines,SOUTHWEST,United States,
WO,WSW,Swoop,SWOOP,Canada,
WO,WOA,World Airways,WORLD,United States,
WP,ATW,Air Antwerp,DEVIL,Belgium,
WQ,SWQ,Swift Air (Interstate Equipment Leasing),SWIFTFLIGHT,United States,
WR,HRH,Royal Tongan Airlines,TONGA ROYAL,Tonga,
WR,WEN,WestJet Encore,ENCORE,Canada,
WS,WJA,WestJet,WESTJET,Canada,
WT,WSG,Wasaya Airways,WASAYA,Canada,
WV,SWV,Swe Fly,FLYING SWEDE,Sweden,
WW,BMI,Bmibaby,BABY,United Kingdom,Ceased operations
WW,WOW,WOW air,WOW air,Iceland,
WX,BCY,CityJet,CITY JET,Ireland,
WX,BCY,CityJet,CITY-IRELAND,Ireland,
WY,OMA,Oman Air,OMAN AIR,Oman,
WZ,WSF,West African Airlines,,Benin,
X3,HLX,Hapag-Lloyd Express (TUIfly),YELLOW CAB,Germany,
X7,CHF,Chitaavia,CHITA,Russia,
X9,NVD,Avion Express,NORDVIND,Lithuania,Name changed from Nordic Solutions Air
XC,CAI,Corendon Airlines,CORENDON,Turkey,Turistik Hava Tasimacilik
XF,VLK,Vladivostok Air,VLADAIR,Russia,
XG,CLI,Clickair,CLICKJET,Spain,Merge into Vueling
XG,SXD,Sunexpress Deutschland,SUNRISE,Germany,
XJ,MES,Mesaba Airlines,MESABA,United States,
XJ,TAX,Thai AirAsia X,EXPRESS WING,Thailand,
XK,CCM,Air Corsica,CORSICA,France,
XK,CCM,Corse Méditerranée,CORSICA,France,Name changed to Air Corsica
XL,LNE,Aerolane,AEROLANE,Ecuador,Líneas Aéreas Nacionales Del Ecuador
XN,XAR,XpressAir,XPRESS,Indonesia,Renamed from Travel Express Aviation Services in 2012
XO,CXH,China Xinhua Airlines,XINHUA,China,
XO,LTE,LTE International Airways,FUN JET,Spain,
XP,CXP,Xtra Airways,CASINO EXPRESS,United States,
XQ,SXS,SunExpress,SUNEXPRESS,Turkey,
XS,SIT,SITA,,Belgium,
XT,AXL,Air Exel,EXEL COMMUTER,Netherlands,defunct
XT,SKT,SkyStar Airways,SKY YOU,Thailand,
XW,NCT,NokScoot,BIG BIRD,Thailand,
Y0,EMJ,Yellow Air Taxi/Friendship Airways,,United States,
Y2,AFJ,Alliance Air,JAMBO,Uganda,Ceased operations 08/10/2000
Y2,GSM,Flyglobespan,GLOBESPAN,United Kingdom,defunct
Y4,VOI,Volaris,VOLARIS,Mexico,
Y5,GMR,Golden Myanmar Airlines,GOLDEN MYANMAR,Myanmar,
Y5,PCE,Pace Airlines,PACE,United States,
Y6,BTV,Batavia Air,BATAVIA,Indonesia,"As of June 1, 2010, IATA code changed to Y6."
Y7,TYA,NordStar,TAIMYR,Russia,
Y8,YZR,Yangtze River Express,YANGTZE RIVER,China,
Y9,IRK,Kish Air,KISHAIR,Iran,
YB,BRJ,Borajet,BORA JET,Turkey,
YD,CAT,Cologne Air Transport GmbH,,Germany,defunct since 1996
YE,ACQ,Aryan Cargo Express,,India,
YH,WCW,West Caribbean Airways,WEST,Colombia,
YI,RSI,Air Sunshine,AIR SUNSHINE,United States,
YK,KYV,Cyprus Turkish Airlines,AIRKIBRIS,Turkey,Ceased operations 2010
YL,LLM,Yamal Airlines,YAMAL,Russia,
YM,MGX,Montenegro Airlines,MONTENEGRO,Montenegro,"former callsign was ""MONTAIR"""
YQ,LCT,TAR Aerolineas,TAR,Mexico,
YS,RAE,Régional Compagnie Aérienne Européenne,REGIONAL EUROPE,France,
YT,TGA,Air Togo,AIR TOGO,Togo,defunct
YT,NYT,Yeti Airlines,YETI AIRLINES,Nepal,Domestic
YU,ADM,Dominair,DOMINAIR,Dominican Republic,"defunct; former IATA code: SS; former name: Aerolíneas Dominicanas, ICAO code no longer allocated"
YV,ASH,Mesa Airlines,AIR SHUTTLE,United States,
YW,ANE,Air Nostrum,AIR NOSTRUM,Spain,
YX,MEP,Midwest Airlines,MIDEX,United States,
Z2,EZD,Philippines AirAsia,REDHOT,Philippines,
Z3,SMJ,Avient Aviation,AVAVIA,Zimbabwe,
Z4,OOM,Zoom Airlines,ZOOM,Canada,"defunct, ICAO Code and callsign no longer allocated"
Z5,GMG,GMG Airlines,GMG,Bangladesh,
Z6,UDN,Dniproavia,DNIEPRO,Ukraine,
Z7*,ADK,ADC Airlines,ADCO,Nigeria,defunct; former name: Aviation Development Company
Z8,AZN,Línea Aérea Amaszonas,,Bolivia,
ZA,CYD,AccessAir,CYCLONE,United States,defunct
ZA,SUW,Interavia Airlines,ASTAIR,Russia,
ZB,BUB,Air Bourbon,BOURBON,Reunion,defunct
ZB,ABN,Air Albania,AIR ALBANIA,Albania,
ZB,MON,Monarch Airlines,MONARCH,United Kingdom,defunct October 2017
ZD,EWR,Ewa Air,MAYOTTE AIR,France,
ZE,AZE,Arcus-Air Logistic,ARCUS AIR,Germany,
ZE,ESR,Eastar Jet,EASTAR,South Korea,
ZE,LCD,Líneas Aéreas Azteca,LINEAS AZTECA,Mexico,defunct
ZG,VVM,Viva Macau,JACKPOT,Macao,
ZG,TZT,ZIPAIR Tokyo,ZIPPY,Japan,Subsidiary of Japan Airlines
ZH,CSZ,Shenzhen Airlines,SHENZHEN AIR,China,
ZI,AAF,Aigle Azur,AIGLE AZUR,France,Former name: Lucas Aigle Azur; former IATA code: LK
ZK,GLA,Great Lakes Airlines,LAKES AIR,United States,
ZL,RXA,Regional Express,REX,Australia,
ZP,AZP,Amaszonas Paraguay,GUARANI,Paraguay,
ZP,AZQ,Silk Way Airlines,SILK LINE,Azerbaijan,
ZS,AZI,Azzurra Air,AZZURRA,Italy,defunct
ZS,SMY,Sama Airlines,NAJIM,Saudi Arabia,
ZT,AWC,Titan Airways,ZAP,United Kingdom,
ZU,HCY,Helios Airways,HELIOS,Cyprus,
ZV,AMW,Air Midwest,AIR MIDWEST,United States,defunct
ZW,AWI,Air Wisconsin,WISCONSIN,United States,
ZX,ABL,Air BC,AIRCOACH,Canada,Merged into Air Canada Jazz
ZX,GGN,Air Georgian,GEORGIAN,Canada,
ZY,SHY,Sky Airlines,ANTALYA BIRD,Turkey,